NoiseID,VehicleID,ConditionID,Timestamp,Component,SoundLevel_dB
N0001,V002,C002,2025-07-01 08:00:00,Engine,82.6
N0002,V040,C016,2025-07-01 08:01:00,Exhaust,60.6
N0003,V066,C018,2025-07-01 08:02:00,Tires,74.4
N0004,V010,C001,2025-07-01 08:03:00,Tires,67.9
N0005,V027,C012,2025-07-01 08:04:00,Tires,72.1
N0006,V092,C015,2025-07-01 08:05:00,Transmission,76.1
N0007,V051,C014,2025-07-01 08:06:00,Exhaust,74.1
N0008,V059,C007,2025-07-01 08:07:00,Engine,71.1
N0009,V059,C014,2025-07-01 08:08:00,Exhaust,79.4
N0010,V038,C003,2025-07-01 08:09:00,Exhaust,74.7
N0011,V021,C005,2025-07-01 08:10:00,Transmission,72.5
N0012,V036,C006,2025-07-01 08:11:00,Tires,66.0
N0013,V078,C003,2025-07-01 08:12:00,Engine,69.5
N0014,V073,C020,2025-07-01 08:13:00,Transmission,83.9
N0015,V096,C006,2025-07-01 08:14:00,Tires,67.0
N0016,V070,C010,2025-07-01 08:15:00,Engine,74.9
N0017,V096,C008,2025-07-01 08:16:00,Engine,77.6
N0018,V059,C005,2025-07-01 08:17:00,Transmission,73.5
N0019,V099,C010,2025-07-01 08:18:00,Transmission,73.2
N0020,V014,C015,2025-07-01 08:19:00,Engine,67.9
N0021,V079,C007,2025-07-01 08:20:00,Tires,60.2
N0022,V042,C015,2025-07-01 08:21:00,Exhaust,78.0
N0023,V071,C004,2025-07-01 08:22:00,Transmission,68.1
N0024,V012,C012,2025-07-01 08:23:00,Tires,64.1
N0025,V065,C002,2025-07-01 08:24:00,Tires,68.6
N0026,V087,C016,2025-07-01 08:25:00,Tires,70.6
N0027,V013,C001,2025-07-01 08:26:00,Exhaust,74.6
N0028,V012,C015,2025-07-01 08:27:00,Cabin,75.6
N0029,V027,C007,2025-07-01 08:28:00,Exhaust,58.7
N0030,V055,C009,2025-07-01 08:29:00,Transmission,75.9
N0031,V023,C017,2025-07-01 08:30:00,Tires,66.6
N0032,V072,C011,2025-07-01 08:31:00,Exhaust,74.7
N0033,V068,C005,2025-07-01 08:32:00,Transmission,67.8
N0034,V031,C006,2025-07-01 08:33:00,Exhaust,78.4
N0035,V035,C013,2025-07-01 08:34:00,Engine,77.8
N0036,V030,C001,2025-07-01 08:35:00,Exhaust,71.7
N0037,V017,C009,2025-07-01 08:36:00,Transmission,69.3
N0038,V032,C017,2025-07-01 08:37:00,Engine,78.4
N0039,V025,C007,2025-07-01 08:38:00,Engine,74.2
N0040,V054,C018,2025-07-01 08:39:00,Cabin,77.5
N0041,V085,C008,2025-07-01 08:40:00,Transmission,75.9
N0042,V085,C009,2025-07-01 08:41:00,Tires,64.7
N0043,V063,C004,2025-07-01 08:42:00,Tires,71.5
N0044,V021,C017,2025-07-01 08:43:00,Exhaust,71.3
N0045,V033,C003,2025-07-01 08:44:00,Transmission,75.5
N0046,V047,C004,2025-07-01 08:45:00,Cabin,69.7
N0047,V083,C011,2025-07-01 08:46:00,Exhaust,71.6
N0048,V075,C013,2025-07-01 08:47:00,Transmission,70.5
N0049,V024,C020,2025-07-01 08:48:00,Tires,75.1
N0050,V080,C004,2025-07-01 08:49:00,Transmission,72.3
N0051,V092,C005,2025-07-01 08:50:00,Transmission,64.4
N0052,V086,C014,2025-07-01 08:51:00,Tires,72.8
N0053,V021,C011,2025-07-01 08:52:00,Engine,82.1
N0054,V098,C013,2025-07-01 08:53:00,Transmission,70.4
N0055,V063,C003,2025-07-01 08:54:00,Exhaust,75.0
N0056,V077,C017,2025-07-01 08:55:00,Tires,70.8
N0057,V049,C017,2025-07-01 08:56:00,Cabin,66.7
N0058,V072,C006,2025-07-01 08:57:00,Engine,145.0
N0059,V092,C018,2025-07-01 08:58:00,Transmission,67.3
N0060,V017,C008,2025-07-01 08:59:00,Exhaust,72.5
N0061,V086,C013,2025-07-01 09:00:00,Engine,69.6
N0062,V079,C017,2025-07-01 09:01:00,Cabin,77.1
N0063,V097,C012,2025-07-01 09:02:00,Transmission,72.4
N0064,V016,C009,2025-07-01 09:03:00,Engine,135.0
N0065,V003,C005,2025-07-01 09:04:00,Tires,70.6
N0066,V055,C016,2025-07-01 09:05:00,Transmission,75.6
N0067,V070,C015,2025-07-01 09:06:00,Transmission,70.3
N0068,V043,C002,2025-07-01 09:07:00,Tires,74.0
N0069,V020,C016,2025-07-01 09:08:00,Exhaust,66.4
N0070,V069,C003,2025-07-01 09:09:00,Tires,64.0
N0071,V043,C005,2025-07-01 09:10:00,Engine,69.2
N0072,V073,C001,2025-07-01 09:11:00,Tires,65.8
N0073,V082,C002,2025-07-01 09:12:00,Exhaust,60.1
N0074,V015,C019,2025-07-01 09:13:00,Transmission,82.5
N0075,V047,C010,2025-07-01 09:14:00,Engine,145.0
N0076,V013,C008,2025-07-01 09:15:00,Cabin,70.9
N0077,V083,C011,2025-07-01 09:16:00,Tires,71.6
N0078,V044,C006,2025-07-01 09:17:00,Exhaust,81.1
N0079,V081,C010,2025-07-01 09:18:00,Exhaust,72.1
N0080,V054,C007,2025-07-01 09:19:00,Transmission,68.0
N0081,V081,C016,2025-07-01 09:20:00,Engine,72.2
N0082,V036,C017,2025-07-01 09:21:00,Exhaust,75.4
N0083,V038,C003,2025-07-01 09:22:00,Transmission,57.9
N0084,V053,C009,2025-07-01 09:23:00,Engine,145.0
N0085,V034,C017,2025-07-01 09:24:00,Cabin,71.3
N0086,V007,C015,2025-07-01 09:25:00,Cabin,79.3
N0087,V066,C012,2025-07-01 09:26:00,Transmission,81.9
N0088,V019,C011,2025-07-01 09:27:00,Tires,67.0
N0089,V095,C002,2025-07-01 09:28:00,Cabin,71.5
N0090,V094,C010,2025-07-01 09:29:00,Cabin,65.3
N0091,V041,C019,2025-07-01 09:30:00,Engine,70.9
N0092,V007,C013,2025-07-01 09:31:00,Transmission,70.6
N0093,V006,C006,2025-07-01 09:32:00,Exhaust,71.2
N0094,V049,C005,2025-07-01 09:33:00,Engine,78.1
N0095,V072,C007,2025-07-01 09:34:00,Engine,71.6
N0096,V010,C002,2025-07-01 09:35:00,Tires,66.6
N0097,V070,C010,2025-07-01 09:36:00,Tires,74.4
N0098,V028,C005,2025-07-01 09:37:00,Tires,62.8
N0099,V039,C001,2025-07-01 09:38:00,Transmission,73.6
N0100,V006,C011,2025-07-01 09:39:00,Transmission,70.3
N0101,V040,C019,2025-07-01 09:40:00,Cabin,64.6
N0102,V029,C017,2025-07-01 09:41:00,Transmission,60.5
N0103,V028,C008,2025-07-01 09:42:00,Tires,71.4
N0104,V085,C013,2025-07-01 09:43:00,Exhaust,75.1
N0105,V037,C016,2025-07-01 09:44:00,Exhaust,74.0
N0106,V092,C010,2025-07-01 09:45:00,Engine,73.2
N0107,V090,C007,2025-07-01 09:46:00,Exhaust,76.1
N0108,V020,C008,2025-07-01 09:47:00,Tires,72.7
N0109,V065,C011,2025-07-01 09:48:00,Engine,67.6
N0110,V041,C017,2025-07-01 09:49:00,Exhaust,67.0
N0111,V034,C017,2025-07-01 09:50:00,Tires,73.8
N0112,V020,C016,2025-07-01 09:51:00,Cabin,70.8
N0113,V046,C002,2025-07-01 09:52:00,Exhaust,73.4
N0114,V007,C004,2025-07-01 09:53:00,Cabin,74.0
N0115,V056,C007,2025-07-01 09:54:00,Transmission,69.5
N0116,V064,C017,2025-07-01 09:55:00,Engine,62.8
N0117,V086,C015,2025-07-01 09:56:00,Exhaust,77.4
N0118,V065,C008,2025-07-01 09:57:00,Cabin,75.5
N0119,V031,C013,2025-07-01 09:58:00,Engine,69.8
N0120,V013,C003,2025-07-01 09:59:00,Transmission,70.1
N0121,V051,C017,2025-07-01 10:00:00,Exhaust,76.2
N0122,V055,C006,2025-07-01 10:01:00,Engine,74.1
N0123,V066,C004,2025-07-01 10:02:00,Cabin,72.9
N0124,V070,C017,2025-07-01 10:03:00,Transmission,73.1
N0125,V085,C019,2025-07-01 10:04:00,Cabin,68.8
N0126,V089,C019,2025-07-01 10:05:00,Cabin,69.0
N0127,V081,C007,2025-07-01 10:06:00,Transmission,75.2
N0128,V046,C005,2025-07-01 10:07:00,Cabin,62.5
N0129,V008,C002,2025-07-01 10:08:00,Engine,65.4
N0130,V038,C002,2025-07-01 10:09:00,Transmission,72.8
N0131,V064,C012,2025-07-01 10:10:00,Transmission,73.1
N0132,V026,C016,2025-07-01 10:11:00,Cabin,73.3
N0133,V052,C017,2025-07-01 10:12:00,Cabin,65.5
N0134,V049,C018,2025-07-01 10:13:00,Tires,67.5
N0135,V069,C009,2025-07-01 10:14:00,Transmission,84.6
N0136,V031,C016,2025-07-01 10:15:00,Engine,72.2
N0137,V023,C015,2025-07-01 10:16:00,Tires,79.2
N0138,V022,C012,2025-07-01 10:17:00,Cabin,66.0
N0139,V017,C008,2025-07-01 10:18:00,Cabin,71.2
N0140,V084,C011,2025-07-01 10:19:00,Engine,69.4
N0141,V065,C002,2025-07-01 10:20:00,Tires,72.5
N0142,V087,C002,2025-07-01 10:21:00,Engine,68.6
N0143,V066,C001,2025-07-01 10:22:00,Engine,72.2
N0144,V064,C012,2025-07-01 10:23:00,Tires,69.2
N0145,V060,C018,2025-07-01 10:24:00,Tires,70.0
N0146,V070,C009,2025-07-01 10:25:00,Transmission,75.2
N0147,V066,C010,2025-07-01 10:26:00,Tires,73.7
N0148,V093,C014,2025-07-01 10:27:00,Engine,64.3
N0149,V095,C005,2025-07-01 10:28:00,Transmission,85.1
N0150,V018,C015,2025-07-01 10:29:00,Exhaust,78.4
N0151,V016,C002,2025-07-01 10:30:00,Transmission,70.7
N0152,V067,C010,2025-07-01 10:31:00,Exhaust,74.3
N0153,V007,C019,2025-07-01 10:32:00,Exhaust,85.5
N0154,V015,C005,2025-07-01 10:33:00,Transmission,82.0
N0155,V086,C020,2025-07-01 10:34:00,Exhaust,71.9
N0156,V031,C013,2025-07-01 10:35:00,Tires,60.3
N0157,V088,C006,2025-07-01 10:36:00,Exhaust,76.4
N0158,V067,C009,2025-07-01 10:37:00,Exhaust,78.1
N0159,V097,C014,2025-07-01 10:38:00,Exhaust,70.9
N0160,V050,C015,2025-07-01 10:39:00,Exhaust,79.7
N0161,V091,C006,2025-07-01 10:40:00,Tires,69.5
N0162,V031,C018,2025-07-01 10:41:00,Cabin,82.9
N0163,V041,C015,2025-07-01 10:42:00,Transmission,69.7
N0164,V075,C003,2025-07-01 10:43:00,Tires,67.0
N0165,V025,C010,2025-07-01 10:44:00,Exhaust,73.2
N0166,V069,C010,2025-07-01 10:45:00,Exhaust,68.0
N0167,V037,C019,2025-07-01 10:46:00,Engine,72.9
N0168,V077,C004,2025-07-01 10:47:00,Engine,69.3
N0169,V072,C005,2025-07-01 10:48:00,Cabin,68.5
N0170,V015,C013,2025-07-01 10:49:00,Cabin,78.2
N0171,V026,C006,2025-07-01 10:50:00,Cabin,75.0
N0172,V061,C007,2025-07-01 10:51:00,Engine,71.3
N0173,V012,C014,2025-07-01 10:52:00,Engine,65.2
N0174,V095,C018,2025-07-01 10:53:00,Tires,73.4
N0175,V027,C018,2025-07-01 10:54:00,Cabin,80.5
N0176,V070,C010,2025-07-01 10:55:00,Exhaust,72.6
N0177,V017,C014,2025-07-01 10:56:00,Cabin,73.8
N0178,V087,C018,2025-07-01 10:57:00,Transmission,71.2
N0179,V057,C001,2025-07-01 10:58:00,Exhaust,62.0
N0180,V079,C010,2025-07-01 10:59:00,Engine,80.8
N0181,V067,C012,2025-07-01 11:00:00,Cabin,72.1
N0182,V061,C017,2025-07-01 11:01:00,Cabin,62.9
N0183,V016,C017,2025-07-01 11:02:00,Cabin,65.8
N0184,V076,C008,2025-07-01 11:03:00,Exhaust,72.1
N0185,V038,C006,2025-07-01 11:04:00,Cabin,135.0
N0186,V076,C008,2025-07-01 11:05:00,Cabin,72.9
N0187,V047,C020,2025-07-01 11:06:00,Transmission,61.5
N0188,V043,C004,2025-07-01 11:07:00,Engine,72.1
N0189,V012,C007,2025-07-01 11:08:00,Exhaust,82.4
N0190,V029,C007,2025-07-01 11:09:00,Exhaust,135.0
N0191,V050,C003,2025-07-01 11:10:00,Transmission,74.5
N0192,V017,C011,2025-07-01 11:11:00,Exhaust,59.9
N0193,V054,C001,2025-07-01 11:12:00,Engine,65.8
N0194,V092,C003,2025-07-01 11:13:00,Tires,77.1
N0195,V061,C011,2025-07-01 11:14:00,Tires,74.1
N0196,V009,C007,2025-07-01 11:15:00,Exhaust,60.9
N0197,V077,C018,2025-07-01 11:16:00,Tires,71.6
N0198,V036,C013,2025-07-01 11:17:00,Tires,77.4
N0199,V056,C002,2025-07-01 11:18:00,Cabin,71.3
N0200,V095,C013,2025-07-01 11:19:00,Exhaust,75.8
N0201,V012,C009,2025-07-01 11:20:00,Transmission,76.7
N0202,V091,C007,2025-07-01 11:21:00,Exhaust,74.2
N0203,V091,C015,2025-07-01 11:22:00,Exhaust,66.0
N0204,V069,C014,2025-07-01 11:23:00,Cabin,70.6
N0205,V022,C007,2025-07-01 11:24:00,Cabin,69.6
N0206,V100,C005,2025-07-01 11:25:00,Cabin,74.3
N0207,V078,C008,2025-07-01 11:26:00,Engine,72.4
N0208,V006,C020,2025-07-01 11:27:00,Cabin,69.7
N0209,V029,C019,2025-07-01 11:28:00,Engine,80.4
N0210,V006,C001,2025-07-01 11:29:00,Tires,71.1
N0211,V064,C005,2025-07-01 11:30:00,Engine,76.6
N0212,V061,C019,2025-07-01 11:31:00,Tires,78.2
N0213,V046,C002,2025-07-01 11:32:00,Exhaust,69.8
N0214,V075,C010,2025-07-01 11:33:00,Tires,69.1
N0215,V001,C011,2025-07-01 11:34:00,Tires,76.9
N0216,V058,C003,2025-07-01 11:35:00,Cabin,75.7
N0217,V067,C017,2025-07-01 11:36:00,Engine,145.0
N0218,V042,C014,2025-07-01 11:37:00,Exhaust,77.6
N0219,V049,C003,2025-07-01 11:38:00,Exhaust,69.8
N0220,V086,C005,2025-07-01 11:39:00,Exhaust,71.3
N0221,V013,C003,2025-07-01 11:40:00,Exhaust,70.6
N0222,V083,C020,2025-07-01 11:41:00,Exhaust,69.7
N0223,V001,C011,2025-07-01 11:42:00,Tires,73.1
N0224,V043,C007,2025-07-01 11:43:00,Tires,69.9
N0225,V063,C003,2025-07-01 11:44:00,Engine,75.5
N0226,V042,C020,2025-07-01 11:45:00,Engine,68.4
N0227,V060,C006,2025-07-01 11:46:00,Cabin,145.0
N0228,V055,C020,2025-07-01 11:47:00,Exhaust,68.6
N0229,V100,C018,2025-07-01 11:48:00,Exhaust,73.1
N0230,V049,C009,2025-07-01 11:49:00,Cabin,79.8
N0231,V099,C005,2025-07-01 11:50:00,Transmission,75.6
N0232,V073,C008,2025-07-01 11:51:00,Exhaust,69.0
N0233,V089,C005,2025-07-01 11:52:00,Cabin,72.2
N0234,V012,C007,2025-07-01 11:53:00,Transmission,69.1
N0235,V054,C015,2025-07-01 11:54:00,Cabin,74.4
N0236,V040,C015,2025-07-01 11:55:00,Tires,76.6
N0237,V064,C001,2025-07-01 11:56:00,Tires,68.7
N0238,V049,C013,2025-07-01 11:57:00,Tires,73.6
N0239,V089,C003,2025-07-01 11:58:00,Tires,70.3
N0240,V040,C008,2025-07-01 11:59:00,Transmission,76.7
N0241,V083,C009,2025-07-01 12:00:00,Cabin,75.4
N0242,V023,C004,2025-07-01 12:01:00,Cabin,80.0
N0243,V079,C019,2025-07-01 12:02:00,Engine,74.0
N0244,V093,C003,2025-07-01 12:03:00,Tires,74.9
N0245,V007,C014,2025-07-01 12:04:00,Engine,69.2
N0246,V083,C003,2025-07-01 12:05:00,Engine,73.4
N0247,V039,C019,2025-07-01 12:06:00,Tires,76.1
N0248,V055,C002,2025-07-01 12:07:00,Exhaust,68.7
N0249,V060,C009,2025-07-01 12:08:00,Engine,72.1
N0250,V079,C014,2025-07-01 12:09:00,Cabin,75.7
N0251,V046,C001,2025-07-01 12:10:00,Transmission,83.7
N0252,V072,C007,2025-07-01 12:11:00,Cabin,70.5
N0253,V078,C009,2025-07-01 12:12:00,Exhaust,77.6
N0254,V026,C018,2025-07-01 12:13:00,Cabin,66.6
N0255,V040,C013,2025-07-01 12:14:00,Transmission,78.4
N0256,V096,C007,2025-07-01 12:15:00,Cabin,81.5
N0257,V061,C010,2025-07-01 12:16:00,Engine,59.8
N0258,V012,C018,2025-07-01 12:17:00,Tires,74.3
N0259,V055,C004,2025-07-01 12:18:00,Engine,75.7
N0260,V096,C009,2025-07-01 12:19:00,Engine,75.7
N0261,V011,C014,2025-07-01 12:20:00,Engine,66.8
N0262,V091,C018,2025-07-01 12:21:00,Cabin,80.9
N0263,V093,C019,2025-07-01 12:22:00,Tires,71.5
N0264,V034,C014,2025-07-01 12:23:00,Engine,75.5
N0265,V078,C015,2025-07-01 12:24:00,Cabin,69.9
N0266,V059,C020,2025-07-01 12:25:00,Cabin,70.3
N0267,V085,C005,2025-07-01 12:26:00,Transmission,72.1
N0268,V038,C001,2025-07-01 12:27:00,Engine,76.6
N0269,V074,C001,2025-07-01 12:28:00,Transmission,67.4
N0270,V043,C008,2025-07-01 12:29:00,Cabin,70.0
N0271,V069,C009,2025-07-01 12:30:00,Cabin,69.9
N0272,V038,C003,2025-07-01 12:31:00,Engine,72.4
N0273,V085,C016,2025-07-01 12:32:00,Engine,73.0
N0274,V094,C020,2025-07-01 12:33:00,Cabin,76.7
N0275,V025,C004,2025-07-01 12:34:00,Tires,70.9
N0276,V038,C015,2025-07-01 12:35:00,Exhaust,69.6
N0277,V072,C001,2025-07-01 12:36:00,Cabin,72.5
N0278,V026,C015,2025-07-01 12:37:00,Transmission,74.8
N0279,V057,C005,2025-07-01 12:38:00,Tires,73.9
N0280,V075,C020,2025-07-01 12:39:00,Exhaust,76.8
N0281,V017,C014,2025-07-01 12:40:00,Engine,70.2
N0282,V037,C012,2025-07-01 12:41:00,Tires,71.1
N0283,V044,C005,2025-07-01 12:42:00,Engine,74.5
N0284,V048,C007,2025-07-01 12:43:00,Engine,85.0
N0285,V069,C012,2025-07-01 12:44:00,Engine,69.2
N0286,V092,C003,2025-07-01 12:45:00,Cabin,70.0
N0287,V002,C009,2025-07-01 12:46:00,Cabin,69.0
N0288,V067,C015,2025-07-01 12:47:00,Tires,71.8
N0289,V028,C006,2025-07-01 12:48:00,Transmission,75.8
N0290,V044,C003,2025-07-01 12:49:00,Tires,76.2
N0291,V003,C015,2025-07-01 12:50:00,Exhaust,65.1
N0292,V044,C008,2025-07-01 12:51:00,Tires,81.7
N0293,V078,C020,2025-07-01 12:52:00,Exhaust,76.3
N0294,V088,C015,2025-07-01 12:53:00,Tires,72.7
N0295,V064,C009,2025-07-01 12:54:00,Exhaust,80.5
N0296,V024,C010,2025-07-01 12:55:00,Cabin,80.4
N0297,V003,C003,2025-07-01 12:56:00,Cabin,75.9
N0298,V003,C016,2025-07-01 12:57:00,Exhaust,65.2
N0299,V083,C019,2025-07-01 12:58:00,Engine,65.7
N0300,V094,C012,2025-07-01 12:59:00,Engine,79.0
N0301,V051,C001,2025-07-01 13:00:00,Engine,66.8
N0302,V046,C012,2025-07-01 13:01:00,Cabin,77.9
N0303,V075,C019,2025-07-01 13:02:00,Tires,76.6
N0304,V024,C012,2025-07-01 13:03:00,Transmission,66.1
N0305,V046,C018,2025-07-01 13:04:00,Tires,71.7
N0306,V016,C020,2025-07-01 13:05:00,Transmission,76.8
N0307,V013,C017,2025-07-01 13:06:00,Exhaust,73.3
N0308,V001,C003,2025-07-01 13:07:00,Transmission,66.6
N0309,V049,C015,2025-07-01 13:08:00,Exhaust,72.1
N0310,V045,C013,2025-07-01 13:09:00,Cabin,66.6
N0311,V010,C018,2025-07-01 13:10:00,Transmission,74.8
N0312,V047,C019,2025-07-01 13:11:00,Tires,79.8
N0313,V038,C001,2025-07-01 13:12:00,Tires,67.9
N0314,V005,C002,2025-07-01 13:13:00,Engine,63.5
N0315,V023,C010,2025-07-01 13:14:00,Cabin,70.4
N0316,V095,C011,2025-07-01 13:15:00,Cabin,66.6
N0317,V040,C018,2025-07-01 13:16:00,Transmission,83.1
N0318,V057,C020,2025-07-01 13:17:00,Engine,72.5
N0319,V001,C009,2025-07-01 13:18:00,Cabin,63.9
N0320,V035,C008,2025-07-01 13:19:00,Transmission,66.2
N0321,V009,C020,2025-07-01 13:20:00,Exhaust,74.3
N0322,V092,C009,2025-07-01 13:21:00,Transmission,75.6
N0323,V010,C007,2025-07-01 13:22:00,Engine,68.7
N0324,V031,C020,2025-07-01 13:23:00,Transmission,63.9
N0325,V092,C020,2025-07-01 13:24:00,Engine,69.7
N0326,V010,C020,2025-07-01 13:25:00,Tires,72.5
N0327,V051,C005,2025-07-01 13:26:00,Transmission,66.9
N0328,V066,C019,2025-07-01 13:27:00,Transmission,76.5
N0329,V078,C010,2025-07-01 13:28:00,Engine,67.8
N0330,V062,C002,2025-07-01 13:29:00,Cabin,79.9
N0331,V068,C018,2025-07-01 13:30:00,Tires,77.4
N0332,V048,C004,2025-07-01 13:31:00,Transmission,73.1
N0333,V081,C004,2025-07-01 13:32:00,Cabin,83.5
N0334,V045,C015,2025-07-01 13:33:00,Exhaust,71.1
N0335,V007,C008,2025-07-01 13:34:00,Exhaust,68.5
N0336,V035,C004,2025-07-01 13:35:00,Exhaust,69.2
N0337,V082,C009,2025-07-01 13:36:00,Tires,69.9
N0338,V062,C006,2025-07-01 13:37:00,Transmission,72.4
N0339,V091,C005,2025-07-01 13:38:00,Cabin,71.7
N0340,V023,C002,2025-07-01 13:39:00,Engine,74.8
N0341,V001,C006,2025-07-01 13:40:00,Transmission,77.8
N0342,V073,C011,2025-07-01 13:41:00,Tires,66.8
N0343,V010,C003,2025-07-01 13:42:00,Exhaust,73.2
N0344,V018,C010,2025-07-01 13:43:00,Cabin,65.6
N0345,V029,C009,2025-07-01 13:44:00,Cabin,74.0
N0346,V017,C018,2025-07-01 13:45:00,Tires,78.3
N0347,V017,C018,2025-07-01 13:46:00,Exhaust,66.4
N0348,V026,C015,2025-07-01 13:47:00,Cabin,75.3
N0349,V088,C013,2025-07-01 13:48:00,Tires,75.2
N0350,V071,C007,2025-07-01 13:49:00,Engine,67.7
N0351,V074,C020,2025-07-01 13:50:00,Cabin,70.6
N0352,V048,C011,2025-07-01 13:51:00,Transmission,75.2
N0353,V095,C014,2025-07-01 13:52:00,Transmission,74.2
N0354,V046,C008,2025-07-01 13:53:00,Exhaust,73.4
N0355,V096,C008,2025-07-01 13:54:00,Transmission,72.2
N0356,V092,C014,2025-07-01 13:55:00,Transmission,75.4
N0357,V059,C012,2025-07-01 13:56:00,Tires,69.7
N0358,V089,C020,2025-07-01 13:57:00,Cabin,81.4
N0359,V016,C016,2025-07-01 13:58:00,Tires,64.1
N0360,V061,C001,2025-07-01 13:59:00,Cabin,73.1
N0361,V099,C019,2025-07-01 14:00:00,Cabin,71.1
N0362,V057,C002,2025-07-01 14:01:00,Engine,74.7
N0363,V092,C011,2025-07-01 14:02:00,Exhaust,72.4
N0364,V030,C005,2025-07-01 14:03:00,Cabin,77.3
N0365,V038,C004,2025-07-01 14:04:00,Engine,69.9
N0366,V050,C011,2025-07-01 14:05:00,Engine,68.9
N0367,V059,C013,2025-07-01 14:06:00,Tires,73.6
N0368,V099,C002,2025-07-01 14:07:00,Tires,66.6
N0369,V048,C006,2025-07-01 14:08:00,Transmission,59.6
N0370,V084,C016,2025-07-01 14:09:00,Exhaust,80.2
N0371,V091,C018,2025-07-01 14:10:00,Engine,70.7
N0372,V062,C017,2025-07-01 14:11:00,Transmission,73.2
N0373,V011,C020,2025-07-01 14:12:00,Engine,77.8
N0374,V039,C019,2025-07-01 14:13:00,Cabin,75.4
N0375,V002,C010,2025-07-01 14:14:00,Tires,73.2
N0376,V040,C014,2025-07-01 14:15:00,Exhaust,75.7
N0377,V063,C001,2025-07-01 14:16:00,Engine,69.6
N0378,V048,C004,2025-07-01 14:17:00,Cabin,70.5
N0379,V070,C008,2025-07-01 14:18:00,Engine,76.0
N0380,V082,C010,2025-07-01 14:19:00,Engine,68.0
N0381,V027,C002,2025-07-01 14:20:00,Engine,71.8
N0382,V087,C016,2025-07-01 14:21:00,Engine,67.7
N0383,V030,C007,2025-07-01 14:22:00,Transmission,77.2
N0384,V088,C011,2025-07-01 14:23:00,Cabin,75.1
N0385,V003,C001,2025-07-01 14:24:00,Transmission,79.1
N0386,V093,C005,2025-07-01 14:25:00,Engine,73.9
N0387,V098,C004,2025-07-01 14:26:00,Tires,69.2
N0388,V082,C013,2025-07-01 14:27:00,Cabin,64.3
N0389,V068,C017,2025-07-01 14:28:00,Transmission,135.0
N0390,V099,C017,2025-07-01 14:29:00,Cabin,79.3
N0391,V095,C008,2025-07-01 14:30:00,Engine,71.2
N0392,V099,C005,2025-07-01 14:31:00,Exhaust,76.9
N0393,V079,C010,2025-07-01 14:32:00,Tires,70.1
N0394,V020,C017,2025-07-01 14:33:00,Cabin,69.1
N0395,V065,C007,2025-07-01 14:34:00,Transmission,145.0
N0396,V006,C002,2025-07-01 14:35:00,Tires,77.3
N0397,V016,C020,2025-07-01 14:36:00,Engine,74.4
N0398,V096,C019,2025-07-01 14:37:00,Exhaust,70.0
N0399,V090,C005,2025-07-01 14:38:00,Transmission,72.6
N0400,V087,C009,2025-07-01 14:39:00,Engine,77.5
N0401,V042,C013,2025-07-01 14:40:00,Cabin,71.1
N0402,V095,C020,2025-07-01 14:41:00,Exhaust,72.9
N0403,V060,C013,2025-07-01 14:42:00,Engine,75.8
N0404,V004,C018,2025-07-01 14:43:00,Cabin,68.4
N0405,V096,C011,2025-07-01 14:44:00,Exhaust,72.3
N0406,V056,C006,2025-07-01 14:45:00,Cabin,72.0
N0407,V024,C010,2025-07-01 14:46:00,Exhaust,68.5
N0408,V066,C004,2025-07-01 14:47:00,Cabin,71.6
N0409,V057,C018,2025-07-01 14:48:00,Transmission,67.3
N0410,V058,C016,2025-07-01 14:49:00,Engine,68.2
N0411,V072,C015,2025-07-01 14:50:00,Engine,64.9
N0412,V046,C017,2025-07-01 14:51:00,Tires,73.9
N0413,V075,C007,2025-07-01 14:52:00,Cabin,60.9
N0414,V007,C017,2025-07-01 14:53:00,Exhaust,77.8
N0415,V091,C012,2025-07-01 14:54:00,Tires,73.6
N0416,V059,C016,2025-07-01 14:55:00,Exhaust,73.0
N0417,V078,C008,2025-07-01 14:56:00,Tires,70.3
N0418,V057,C007,2025-07-01 14:57:00,Cabin,72.9
N0419,V029,C020,2025-07-01 14:58:00,Cabin,67.7
N0420,V072,C002,2025-07-01 14:59:00,Cabin,76.0
N0421,V089,C017,2025-07-01 15:00:00,Engine,73.5
N0422,V017,C007,2025-07-01 15:01:00,Engine,65.0
N0423,V073,C018,2025-07-01 15:02:00,Cabin,71.0
N0424,V056,C015,2025-07-01 15:03:00,Exhaust,71.2
N0425,V007,C012,2025-07-01 15:04:00,Tires,86.2
N0426,V017,C008,2025-07-01 15:05:00,Engine,70.1
N0427,V033,C016,2025-07-01 15:06:00,Exhaust,66.7
N0428,V062,C016,2025-07-01 15:07:00,Transmission,77.0
N0429,V012,C001,2025-07-01 15:08:00,Tires,75.5
N0430,V063,C007,2025-07-01 15:09:00,Tires,74.1
N0431,V063,C011,2025-07-01 15:10:00,Transmission,79.6
N0432,V036,C015,2025-07-01 15:11:00,Transmission,74.5
N0433,V036,C019,2025-07-01 15:12:00,Cabin,76.8
N0434,V062,C019,2025-07-01 15:13:00,Engine,70.3
N0435,V077,C019,2025-07-01 15:14:00,Transmission,73.8
N0436,V077,C008,2025-07-01 15:15:00,Engine,72.6
N0437,V045,C020,2025-07-01 15:16:00,Engine,63.3
N0438,V081,C014,2025-07-01 15:17:00,Exhaust,74.9
N0439,V068,C020,2025-07-01 15:18:00,Cabin,73.1
N0440,V034,C020,2025-07-01 15:19:00,Engine,69.2
N0441,V076,C018,2025-07-01 15:20:00,Tires,65.5
N0442,V017,C019,2025-07-01 15:21:00,Tires,71.9
N0443,V096,C010,2025-07-01 15:22:00,Exhaust,65.1
N0444,V018,C001,2025-07-01 15:23:00,Engine,70.2
N0445,V060,C007,2025-07-01 15:24:00,Engine,72.6
N0446,V027,C019,2025-07-01 15:25:00,Cabin,73.6
N0447,V012,C014,2025-07-01 15:26:00,Engine,69.1
N0448,V038,C008,2025-07-01 15:27:00,Tires,82.6
N0449,V084,C018,2025-07-01 15:28:00,Cabin,67.1
N0450,V028,C013,2025-07-01 15:29:00,Exhaust,69.1
N0451,V064,C006,2025-07-01 15:30:00,Cabin,71.5
N0452,V004,C008,2025-07-01 15:31:00,Tires,68.6
N0453,V002,C020,2025-07-01 15:32:00,Engine,73.1
N0454,V017,C009,2025-07-01 15:33:00,Engine,62.0
N0455,V097,C013,2025-07-01 15:34:00,Tires,71.5
N0456,V013,C006,2025-07-01 15:35:00,Exhaust,71.0
N0457,V013,C001,2025-07-01 15:36:00,Tires,73.0
N0458,V012,C014,2025-07-01 15:37:00,Transmission,77.3
N0459,V095,C005,2025-07-01 15:38:00,Engine,76.6
N0460,V029,C001,2025-07-01 15:39:00,Tires,63.8
N0461,V098,C011,2025-07-01 15:40:00,Tires,72.5
N0462,V065,C005,2025-07-01 15:41:00,Engine,72.0
N0463,V057,C009,2025-07-01 15:42:00,Engine,75.8
N0464,V059,C012,2025-07-01 15:43:00,Cabin,67.3
N0465,V007,C014,2025-07-01 15:44:00,Engine,73.9
N0466,V031,C007,2025-07-01 15:45:00,Tires,71.8
N0467,V059,C016,2025-07-01 15:46:00,Engine,73.9
N0468,V023,C012,2025-07-01 15:47:00,Transmission,71.0
N0469,V026,C008,2025-07-01 15:48:00,Tires,68.0
N0470,V003,C018,2025-07-01 15:49:00,Transmission,67.4
N0471,V020,C003,2025-07-01 15:50:00,Exhaust,76.1
N0472,V016,C004,2025-07-01 15:51:00,Exhaust,73.2
N0473,V057,C020,2025-07-01 15:52:00,Engine,75.2
N0474,V002,C008,2025-07-01 15:53:00,Tires,70.9
N0475,V049,C012,2025-07-01 15:54:00,Exhaust,72.8
N0476,V082,C006,2025-07-01 15:55:00,Cabin,71.5
N0477,V019,C015,2025-07-01 15:56:00,Engine,66.9
N0478,V028,C005,2025-07-01 15:57:00,Transmission,67.3
N0479,V040,C013,2025-07-01 15:58:00,Tires,65.6
N0480,V054,C006,2025-07-01 15:59:00,Exhaust,71.1
N0481,V064,C013,2025-07-01 16:00:00,Cabin,64.7
N0482,V050,C019,2025-07-01 16:01:00,Tires,73.3
N0483,V006,C015,2025-07-01 16:02:00,Tires,74.1
N0484,V091,C017,2025-07-01 16:03:00,Tires,67.3
N0485,V087,C019,2025-07-01 16:04:00,Transmission,80.8
N0486,V088,C008,2025-07-01 16:05:00,Tires,71.8
N0487,V059,C004,2025-07-01 16:06:00,Cabin,73.1
N0488,V094,C007,2025-07-01 16:07:00,Cabin,67.2
N0489,V089,C001,2025-07-01 16:08:00,Transmission,68.9
N0490,V019,C001,2025-07-01 16:09:00,Engine,69.9
N0491,V094,C012,2025-07-01 16:10:00,Transmission,65.0
N0492,V100,C016,2025-07-01 16:11:00,Engine,77.1
N0493,V072,C019,2025-07-01 16:12:00,Cabin,79.7
N0494,V007,C001,2025-07-01 16:13:00,Cabin,68.1
N0495,V019,C019,2025-07-01 16:14:00,Transmission,76.4
N0496,V076,C008,2025-07-01 16:15:00,Exhaust,76.7
N0497,V024,C008,2025-07-01 16:16:00,Tires,71.9
N0498,V008,C013,2025-07-01 16:17:00,Transmission,66.2
N0499,V029,C004,2025-07-01 16:18:00,Transmission,72.7
N0500,V070,C020,2025-07-01 16:19:00,Exhaust,73.2
N0501,V084,C019,2025-07-01 16:20:00,Engine,75.1
N0502,V090,C019,2025-07-01 16:21:00,Engine,76.9
N0503,V065,C006,2025-07-01 16:22:00,Engine,72.4
N0504,V083,C007,2025-07-01 16:23:00,Transmission,73.5
N0505,V028,C016,2025-07-01 16:24:00,Transmission,69.4
N0506,V031,C019,2025-07-01 16:25:00,Transmission,64.4
N0507,V092,C010,2025-07-01 16:26:00,Transmission,72.9
N0508,V068,C005,2025-07-01 16:27:00,Transmission,66.5
N0509,V079,C017,2025-07-01 16:28:00,Engine,82.6
N0510,V022,C014,2025-07-01 16:29:00,Exhaust,75.5
N0511,V075,C016,2025-07-01 16:30:00,Tires,71.5
N0512,V086,C020,2025-07-01 16:31:00,Exhaust,77.0
N0513,V052,C009,2025-07-01 16:32:00,Tires,73.4
N0514,V041,C019,2025-07-01 16:33:00,Engine,72.5
N0515,V029,C007,2025-07-01 16:34:00,Tires,74.2
N0516,V064,C020,2025-07-01 16:35:00,Cabin,75.5
N0517,V017,C020,2025-07-01 16:36:00,Tires,76.4
N0518,V068,C002,2025-07-01 16:37:00,Exhaust,69.7
N0519,V070,C020,2025-07-01 16:38:00,Engine,72.8
N0520,V076,C018,2025-07-01 16:39:00,Exhaust,73.6
N0521,V042,C018,2025-07-01 16:40:00,Engine,79.5
N0522,V091,C018,2025-07-01 16:41:00,Exhaust,65.4
N0523,V078,C019,2025-07-01 16:42:00,Transmission,64.1
N0524,V065,C008,2025-07-01 16:43:00,Engine,70.8
N0525,V029,C020,2025-07-01 16:44:00,Cabin,64.7
N0526,V006,C011,2025-07-01 16:45:00,Tires,67.9
N0527,V099,C012,2025-07-01 16:46:00,Cabin,77.6
N0528,V052,C018,2025-07-01 16:47:00,Transmission,88.3
N0529,V008,C005,2025-07-01 16:48:00,Cabin,73.0
N0530,V084,C001,2025-07-01 16:49:00,Engine,70.6
N0531,V030,C010,2025-07-01 16:50:00,Tires,60.7
N0532,V080,C020,2025-07-01 16:51:00,Exhaust,73.1
N0533,V062,C011,2025-07-01 16:52:00,Transmission,73.2
N0534,V014,C017,2025-07-01 16:53:00,Engine,67.2
N0535,V003,C020,2025-07-01 16:54:00,Tires,69.8
N0536,V002,C018,2025-07-01 16:55:00,Cabin,69.0
N0537,V001,C005,2025-07-01 16:56:00,Transmission,70.7
N0538,V053,C018,2025-07-01 16:57:00,Transmission,75.5
N0539,V100,C003,2025-07-01 16:58:00,Tires,68.6
N0540,V033,C007,2025-07-01 16:59:00,Transmission,69.2
N0541,V086,C011,2025-07-01 17:00:00,Engine,71.4
N0542,V062,C012,2025-07-01 17:01:00,Transmission,75.1
N0543,V055,C004,2025-07-01 17:02:00,Exhaust,65.7
N0544,V072,C008,2025-07-01 17:03:00,Exhaust,67.1
N0545,V022,C010,2025-07-01 17:04:00,Tires,71.1
N0546,V086,C010,2025-07-01 17:05:00,Cabin,74.6
N0547,V100,C016,2025-07-01 17:06:00,Transmission,135.0
N0548,V053,C001,2025-07-01 17:07:00,Cabin,75.3
N0549,V017,C012,2025-07-01 17:08:00,Exhaust,64.6
N0550,V019,C003,2025-07-01 17:09:00,Tires,67.9
N0551,V018,C004,2025-07-01 17:10:00,Tires,76.9
N0552,V012,C018,2025-07-01 17:11:00,Tires,73.3
N0553,V067,C013,2025-07-01 17:12:00,Exhaust,76.8
N0554,V098,C012,2025-07-01 17:13:00,Exhaust,73.9
N0555,V033,C010,2025-07-01 17:14:00,Cabin,69.8
N0556,V095,C004,2025-07-01 17:15:00,Cabin,65.8
N0557,V062,C010,2025-07-01 17:16:00,Tires,74.2
N0558,V024,C018,2025-07-01 17:17:00,Cabin,73.7
N0559,V067,C017,2025-07-01 17:18:00,Transmission,74.5
N0560,V050,C013,2025-07-01 17:19:00,Engine,68.1
N0561,V022,C017,2025-07-01 17:20:00,Tires,70.0
N0562,V088,C015,2025-07-01 17:21:00,Transmission,79.3
N0563,V016,C010,2025-07-01 17:22:00,Tires,78.5
N0564,V065,C002,2025-07-01 17:23:00,Engine,68.2
N0565,V041,C019,2025-07-01 17:24:00,Exhaust,69.3
N0566,V089,C007,2025-07-01 17:25:00,Engine,73.7
N0567,V095,C011,2025-07-01 17:26:00,Exhaust,73.3
N0568,V066,C016,2025-07-01 17:27:00,Tires,66.4
N0569,V099,C019,2025-07-01 17:28:00,Transmission,64.9
N0570,V015,C001,2025-07-01 17:29:00,Transmission,75.4
N0571,V069,C007,2025-07-01 17:30:00,Engine,67.3
N0572,V072,C016,2025-07-01 17:31:00,Cabin,72.6
N0573,V097,C007,2025-07-01 17:32:00,Exhaust,70.8
N0574,V097,C002,2025-07-01 17:33:00,Tires,76.0
N0575,V042,C002,2025-07-01 17:34:00,Tires,72.6
N0576,V090,C007,2025-07-01 17:35:00,Exhaust,72.4
N0577,V036,C015,2025-07-01 17:36:00,Exhaust,79.4
N0578,V098,C010,2025-07-01 17:37:00,Engine,68.8
N0579,V073,C014,2025-07-01 17:38:00,Tires,67.2
N0580,V042,C015,2025-07-01 17:39:00,Tires,71.2
N0581,V081,C009,2025-07-01 17:40:00,Cabin,76.8
N0582,V091,C014,2025-07-01 17:41:00,Transmission,67.8
N0583,V093,C009,2025-07-01 17:42:00,Tires,70.3
N0584,V096,C005,2025-07-01 17:43:00,Cabin,74.7
N0585,V044,C017,2025-07-01 17:44:00,Engine,70.2
N0586,V075,C010,2025-07-01 17:45:00,Transmission,73.5
N0587,V008,C013,2025-07-01 17:46:00,Cabin,135.0
N0588,V021,C006,2025-07-01 17:47:00,Cabin,65.2
N0589,V032,C018,2025-07-01 17:48:00,Engine,75.1
N0590,V072,C009,2025-07-01 17:49:00,Engine,67.6
N0591,V005,C002,2025-07-01 17:50:00,Tires,70.0
N0592,V034,C012,2025-07-01 17:51:00,Tires,76.4
N0593,V078,C019,2025-07-01 17:52:00,Transmission,75.1
N0594,V026,C005,2025-07-01 17:53:00,Tires,67.1
N0595,V021,C017,2025-07-01 17:54:00,Exhaust,71.1
N0596,V057,C006,2025-07-01 17:55:00,Transmission,74.1
N0597,V050,C011,2025-07-01 17:56:00,Transmission,87.9
N0598,V077,C011,2025-07-01 17:57:00,Engine,64.0
N0599,V055,C018,2025-07-01 17:58:00,Cabin,68.5
N0600,V068,C020,2025-07-01 17:59:00,Transmission,71.7
N0601,V018,C002,2025-07-01 18:00:00,Engine,78.5
N0602,V020,C010,2025-07-01 18:01:00,Tires,74.9
N0603,V046,C005,2025-07-01 18:02:00,Tires,59.4
N0604,V017,C019,2025-07-01 18:03:00,Engine,80.1
N0605,V042,C019,2025-07-01 18:04:00,Engine,56.5
N0606,V015,C001,2025-07-01 18:05:00,Engine,78.3
N0607,V070,C018,2025-07-01 18:06:00,Engine,62.7
N0608,V019,C008,2025-07-01 18:07:00,Transmission,74.6
N0609,V020,C003,2025-07-01 18:08:00,Tires,75.8
N0610,V001,C001,2025-07-01 18:09:00,Tires,73.6
N0611,V033,C002,2025-07-01 18:10:00,Engine,69.7
N0612,V010,C012,2025-07-01 18:11:00,Tires,72.2
N0613,V096,C007,2025-07-01 18:12:00,Engine,70.3
N0614,V042,C001,2025-07-01 18:13:00,Transmission,78.5
N0615,V065,C007,2025-07-01 18:14:00,Tires,69.4
N0616,V001,C009,2025-07-01 18:15:00,Cabin,71.3
N0617,V070,C005,2025-07-01 18:16:00,Transmission,69.9
N0618,V001,C020,2025-07-01 18:17:00,Engine,67.2
N0619,V057,C005,2025-07-01 18:18:00,Cabin,77.2
N0620,V094,C015,2025-07-01 18:19:00,Tires,67.8
N0621,V049,C008,2025-07-01 18:20:00,Exhaust,71.7
N0622,V092,C009,2025-07-01 18:21:00,Transmission,67.3
N0623,V049,C014,2025-07-01 18:22:00,Exhaust,79.0
N0624,V001,C001,2025-07-01 18:23:00,Transmission,72.4
N0625,V062,C016,2025-07-01 18:24:00,Tires,75.4
N0626,V087,C005,2025-07-01 18:25:00,Cabin,77.2
N0627,V033,C020,2025-07-01 18:26:00,Exhaust,75.7
N0628,V023,C016,2025-07-01 18:27:00,Exhaust,76.2
N0629,V066,C020,2025-07-01 18:28:00,Engine,67.0
N0630,V034,C007,2025-07-01 18:29:00,Transmission,80.8
N0631,V078,C017,2025-07-01 18:30:00,Transmission,66.0
N0632,V046,C003,2025-07-01 18:31:00,Cabin,73.6
N0633,V032,C005,2025-07-01 18:32:00,Transmission,70.4
N0634,V072,C005,2025-07-01 18:33:00,Transmission,69.7
N0635,V096,C013,2025-07-01 18:34:00,Transmission,77.6
N0636,V068,C010,2025-07-01 18:35:00,Engine,77.2
N0637,V009,C012,2025-07-01 18:36:00,Transmission,66.6
N0638,V084,C003,2025-07-01 18:37:00,Engine,71.5
N0639,V030,C013,2025-07-01 18:38:00,Engine,81.2
N0640,V031,C017,2025-07-01 18:39:00,Exhaust,73.5
N0641,V097,C011,2025-07-01 18:40:00,Tires,70.8
N0642,V068,C004,2025-07-01 18:41:00,Tires,65.4
N0643,V006,C007,2025-07-01 18:42:00,Engine,145.0
N0644,V019,C011,2025-07-01 18:43:00,Tires,71.9
N0645,V030,C013,2025-07-01 18:44:00,Transmission,81.3
N0646,V005,C013,2025-07-01 18:45:00,Exhaust,65.0
N0647,V075,C006,2025-07-01 18:46:00,Exhaust,78.4
N0648,V048,C017,2025-07-01 18:47:00,Tires,73.2
N0649,V056,C003,2025-07-01 18:48:00,Tires,73.6
N0650,V066,C002,2025-07-01 18:49:00,Cabin,61.4
N0651,V019,C020,2025-07-01 18:50:00,Cabin,77.0
N0652,V027,C010,2025-07-01 18:51:00,Exhaust,75.1
N0653,V034,C009,2025-07-01 18:52:00,Transmission,72.5
N0654,V086,C014,2025-07-01 18:53:00,Transmission,83.4
N0655,V089,C002,2025-07-01 18:54:00,Tires,77.9
N0656,V024,C010,2025-07-01 18:55:00,Engine,76.0
N0657,V045,C014,2025-07-01 18:56:00,Cabin,72.0
N0658,V044,C015,2025-07-01 18:57:00,Transmission,67.6
N0659,V016,C005,2025-07-01 18:58:00,Transmission,135.0
N0660,V037,C019,2025-07-01 18:59:00,Exhaust,80.3
N0661,V093,C009,2025-07-01 19:00:00,Exhaust,78.6
N0662,V017,C002,2025-07-01 19:01:00,Transmission,75.6
N0663,V076,C020,2025-07-01 19:02:00,Tires,73.7
N0664,V074,C013,2025-07-01 19:03:00,Tires,78.5
N0665,V088,C016,2025-07-01 19:04:00,Exhaust,58.5
N0666,V055,C002,2025-07-01 19:05:00,Tires,72.3
N0667,V080,C011,2025-07-01 19:06:00,Tires,75.9
N0668,V006,C001,2025-07-01 19:07:00,Engine,70.3
N0669,V070,C019,2025-07-01 19:08:00,Cabin,74.9
N0670,V065,C003,2025-07-01 19:09:00,Engine,63.5
N0671,V047,C013,2025-07-01 19:10:00,Engine,73.7
N0672,V009,C006,2025-07-01 19:11:00,Exhaust,69.0
N0673,V026,C007,2025-07-01 19:12:00,Engine,67.4
N0674,V043,C003,2025-07-01 19:13:00,Tires,72.0
N0675,V080,C020,2025-07-01 19:14:00,Cabin,73.6
N0676,V062,C010,2025-07-01 19:15:00,Exhaust,71.0
N0677,V032,C009,2025-07-01 19:16:00,Exhaust,73.7
N0678,V050,C002,2025-07-01 19:17:00,Engine,75.2
N0679,V002,C018,2025-07-01 19:18:00,Transmission,70.3
N0680,V019,C006,2025-07-01 19:19:00,Exhaust,71.6
N0681,V021,C012,2025-07-01 19:20:00,Tires,145.0
N0682,V060,C017,2025-07-01 19:21:00,Cabin,73.1
N0683,V032,C011,2025-07-01 19:22:00,Exhaust,64.7
N0684,V006,C006,2025-07-01 19:23:00,Exhaust,66.3
N0685,V009,C004,2025-07-01 19:24:00,Exhaust,76.5
N0686,V010,C012,2025-07-01 19:25:00,Tires,79.1
N0687,V066,C009,2025-07-01 19:26:00,Tires,77.8
N0688,V030,C006,2025-07-01 19:27:00,Transmission,71.5
N0689,V031,C020,2025-07-01 19:28:00,Cabin,66.2
N0690,V053,C010,2025-07-01 19:29:00,Cabin,78.7
N0691,V052,C007,2025-07-01 19:30:00,Tires,69.2
N0692,V042,C016,2025-07-01 19:31:00,Transmission,75.9
N0693,V095,C017,2025-07-01 19:32:00,Cabin,70.9
N0694,V056,C001,2025-07-01 19:33:00,Tires,64.6
N0695,V042,C007,2025-07-01 19:34:00,Cabin,73.2
N0696,V052,C007,2025-07-01 19:35:00,Exhaust,61.6
N0697,V017,C011,2025-07-01 19:36:00,Transmission,70.2
N0698,V088,C001,2025-07-01 19:37:00,Cabin,68.6
N0699,V030,C007,2025-07-01 19:38:00,Exhaust,76.9
N0700,V078,C011,2025-07-01 19:39:00,Exhaust,76.4
N0701,V049,C007,2025-07-01 19:40:00,Tires,69.2
N0702,V075,C014,2025-07-01 19:41:00,Exhaust,71.2
N0703,V056,C020,2025-07-01 19:42:00,Exhaust,72.5
N0704,V095,C015,2025-07-01 19:43:00,Cabin,67.9
N0705,V013,C017,2025-07-01 19:44:00,Exhaust,69.8
N0706,V094,C003,2025-07-01 19:45:00,Tires,65.3
N0707,V005,C013,2025-07-01 19:46:00,Tires,70.6
N0708,V048,C019,2025-07-01 19:47:00,Tires,73.7
N0709,V031,C002,2025-07-01 19:48:00,Transmission,76.5
N0710,V059,C010,2025-07-01 19:49:00,Tires,69.2
N0711,V039,C011,2025-07-01 19:50:00,Exhaust,67.5
N0712,V022,C003,2025-07-01 19:51:00,Engine,78.5
N0713,V037,C003,2025-07-01 19:52:00,Transmission,67.0
N0714,V032,C010,2025-07-01 19:53:00,Engine,63.3
N0715,V037,C009,2025-07-01 19:54:00,Engine,68.2
N0716,V011,C003,2025-07-01 19:55:00,Transmission,77.2
N0717,V087,C015,2025-07-01 19:56:00,Transmission,73.2
N0718,V060,C003,2025-07-01 19:57:00,Transmission,68.0
N0719,V098,C017,2025-07-01 19:58:00,Exhaust,60.3
N0720,V010,C006,2025-07-01 19:59:00,Tires,64.3
N0721,V041,C010,2025-07-01 20:00:00,Engine,71.8
N0722,V040,C015,2025-07-01 20:01:00,Exhaust,75.1
N0723,V055,C017,2025-07-01 20:02:00,Exhaust,75.7
N0724,V056,C007,2025-07-01 20:03:00,Cabin,74.5
N0725,V037,C013,2025-07-01 20:04:00,Tires,75.2
N0726,V075,C006,2025-07-01 20:05:00,Cabin,70.0
N0727,V029,C004,2025-07-01 20:06:00,Exhaust,77.8
N0728,V056,C014,2025-07-01 20:07:00,Exhaust,86.7
N0729,V014,C010,2025-07-01 20:08:00,Engine,73.4
N0730,V088,C009,2025-07-01 20:09:00,Tires,83.2
N0731,V089,C003,2025-07-01 20:10:00,Tires,81.0
N0732,V016,C019,2025-07-01 20:11:00,Engine,69.5
N0733,V010,C002,2025-07-01 20:12:00,Cabin,64.8
N0734,V035,C003,2025-07-01 20:13:00,Transmission,69.1
N0735,V023,C018,2025-07-01 20:14:00,Tires,74.0
N0736,V048,C010,2025-07-01 20:15:00,Exhaust,74.2
N0737,V090,C008,2025-07-01 20:16:00,Tires,71.4
N0738,V064,C016,2025-07-01 20:17:00,Transmission,73.5
N0739,V079,C015,2025-07-01 20:18:00,Cabin,74.6
N0740,V087,C003,2025-07-01 20:19:00,Transmission,72.7
N0741,V034,C014,2025-07-01 20:20:00,Cabin,70.8
N0742,V094,C003,2025-07-01 20:21:00,Engine,61.1
N0743,V067,C001,2025-07-01 20:22:00,Cabin,70.7
N0744,V094,C011,2025-07-01 20:23:00,Transmission,66.6
N0745,V072,C011,2025-07-01 20:24:00,Cabin,64.1
N0746,V063,C004,2025-07-01 20:25:00,Tires,67.7
N0747,V059,C012,2025-07-01 20:26:00,Tires,68.1
N0748,V089,C011,2025-07-01 20:27:00,Transmission,67.6
N0749,V029,C013,2025-07-01 20:28:00,Tires,73.8
N0750,V045,C002,2025-07-01 20:29:00,Cabin,71.4
N0751,V067,C017,2025-07-01 20:30:00,Tires,73.2
N0752,V045,C011,2025-07-01 20:31:00,Engine,67.5
N0753,V072,C013,2025-07-01 20:32:00,Tires,79.4
N0754,V050,C020,2025-07-01 20:33:00,Exhaust,75.0
N0755,V037,C020,2025-07-01 20:34:00,Tires,72.2
N0756,V056,C011,2025-07-01 20:35:00,Engine,72.7
N0757,V033,C016,2025-07-01 20:36:00,Transmission,68.5
N0758,V001,C018,2025-07-01 20:37:00,Tires,66.0
N0759,V031,C017,2025-07-01 20:38:00,Engine,72.5
N0760,V055,C009,2025-07-01 20:39:00,Cabin,69.2
N0761,V079,C006,2025-07-01 20:40:00,Tires,72.2
N0762,V019,C004,2025-07-01 20:41:00,Tires,78.0
N0763,V018,C004,2025-07-01 20:42:00,Transmission,70.5
N0764,V092,C016,2025-07-01 20:43:00,Cabin,72.8
N0765,V092,C005,2025-07-01 20:44:00,Transmission,64.5
N0766,V095,C020,2025-07-01 20:45:00,Exhaust,77.8
N0767,V008,C006,2025-07-01 20:46:00,Transmission,86.6
N0768,V065,C013,2025-07-01 20:47:00,Transmission,85.6
N0769,V049,C011,2025-07-01 20:48:00,Transmission,66.1
N0770,V039,C016,2025-07-01 20:49:00,Exhaust,83.3
N0771,V096,C017,2025-07-01 20:50:00,Tires,72.5
N0772,V072,C006,2025-07-01 20:51:00,Cabin,72.8
N0773,V077,C007,2025-07-01 20:52:00,Transmission,66.9
N0774,V099,C002,2025-07-01 20:53:00,Tires,69.2
N0775,V005,C020,2025-07-01 20:54:00,Exhaust,67.3
N0776,V001,C019,2025-07-01 20:55:00,Engine,68.1
N0777,V070,C001,2025-07-01 20:56:00,Cabin,73.1
N0778,V012,C007,2025-07-01 20:57:00,Transmission,71.0
N0779,V079,C002,2025-07-01 20:58:00,Cabin,70.4
N0780,V061,C009,2025-07-01 20:59:00,Tires,79.5
N0781,V001,C019,2025-07-01 21:00:00,Tires,74.1
N0782,V074,C020,2025-07-01 21:01:00,Transmission,81.4
N0783,V004,C007,2025-07-01 21:02:00,Exhaust,66.6
N0784,V048,C017,2025-07-01 21:03:00,Exhaust,70.3
N0785,V044,C001,2025-07-01 21:04:00,Engine,76.3
N0786,V045,C010,2025-07-01 21:05:00,Exhaust,76.2
N0787,V077,C004,2025-07-01 21:06:00,Tires,74.2
N0788,V056,C011,2025-07-01 21:07:00,Transmission,72.3
N0789,V075,C013,2025-07-01 21:08:00,Transmission,69.3
N0790,V015,C019,2025-07-01 21:09:00,Tires,64.1
N0791,V034,C016,2025-07-01 21:10:00,Transmission,69.2
N0792,V043,C016,2025-07-01 21:11:00,Transmission,68.7
N0793,V048,C011,2025-07-01 21:12:00,Cabin,77.6
N0794,V045,C008,2025-07-01 21:13:00,Transmission,68.4
N0795,V021,C019,2025-07-01 21:14:00,Cabin,65.6
N0796,V013,C005,2025-07-01 21:15:00,Exhaust,73.6
N0797,V029,C019,2025-07-01 21:16:00,Engine,76.8
N0798,V098,C017,2025-07-01 21:17:00,Tires,71.4
N0799,V027,C019,2025-07-01 21:18:00,Cabin,74.6
N0800,V032,C006,2025-07-01 21:19:00,Exhaust,63.9
N0801,V093,C006,2025-07-01 21:20:00,Engine,68.6
N0802,V062,C020,2025-07-01 21:21:00,Exhaust,70.3
N0803,V078,C018,2025-07-01 21:22:00,Cabin,67.2
N0804,V092,C014,2025-07-01 21:23:00,Transmission,72.7
N0805,V078,C010,2025-07-01 21:24:00,Transmission,71.6
N0806,V007,C010,2025-07-01 21:25:00,Cabin,74.0
N0807,V010,C019,2025-07-01 21:26:00,Tires,75.7
N0808,V032,C007,2025-07-01 21:27:00,Tires,66.3
N0809,V064,C017,2025-07-01 21:28:00,Engine,77.4
N0810,V022,C012,2025-07-01 21:29:00,Cabin,72.2
N0811,V044,C009,2025-07-01 21:30:00,Engine,64.4
N0812,V072,C008,2025-07-01 21:31:00,Tires,68.7
N0813,V095,C013,2025-07-01 21:32:00,Exhaust,66.7
N0814,V036,C019,2025-07-01 21:33:00,Exhaust,72.5
N0815,V029,C009,2025-07-01 21:34:00,Exhaust,69.2
N0816,V064,C012,2025-07-01 21:35:00,Transmission,61.4
N0817,V027,C016,2025-07-01 21:36:00,Transmission,59.5
N0818,V070,C009,2025-07-01 21:37:00,Cabin,67.9
N0819,V079,C011,2025-07-01 21:38:00,Exhaust,70.9
N0820,V089,C005,2025-07-01 21:39:00,Engine,62.2
N0821,V094,C001,2025-07-01 21:40:00,Transmission,66.1
N0822,V004,C006,2025-07-01 21:41:00,Exhaust,60.3
N0823,V043,C010,2025-07-01 21:42:00,Engine,69.5
N0824,V091,C008,2025-07-01 21:43:00,Exhaust,76.1
N0825,V004,C016,2025-07-01 21:44:00,Exhaust,74.1
N0826,V006,C017,2025-07-01 21:45:00,Transmission,72.4
N0827,V073,C011,2025-07-01 21:46:00,Cabin,73.1
N0828,V011,C013,2025-07-01 21:47:00,Transmission,71.9
N0829,V039,C001,2025-07-01 21:48:00,Transmission,77.4
N0830,V056,C016,2025-07-01 21:49:00,Exhaust,67.7
N0831,V053,C020,2025-07-01 21:50:00,Exhaust,69.3
N0832,V068,C011,2025-07-01 21:51:00,Tires,72.3
N0833,V080,C020,2025-07-01 21:52:00,Transmission,81.8
N0834,V033,C005,2025-07-01 21:53:00,Engine,78.9
N0835,V094,C020,2025-07-01 21:54:00,Tires,69.9
N0836,V087,C015,2025-07-01 21:55:00,Tires,72.2
N0837,V094,C014,2025-07-01 21:56:00,Tires,72.9
N0838,V052,C009,2025-07-01 21:57:00,Exhaust,68.5
N0839,V009,C016,2025-07-01 21:58:00,Tires,72.1
N0840,V017,C010,2025-07-01 21:59:00,Transmission,69.6
N0841,V070,C002,2025-07-01 22:00:00,Cabin,77.5
N0842,V076,C005,2025-07-01 22:01:00,Transmission,80.9
N0843,V065,C003,2025-07-01 22:02:00,Engine,80.3
N0844,V056,C004,2025-07-01 22:03:00,Exhaust,70.0
N0845,V071,C003,2025-07-01 22:04:00,Cabin,76.4
N0846,V055,C019,2025-07-01 22:05:00,Cabin,70.2
N0847,V062,C016,2025-07-01 22:06:00,Transmission,75.6
N0848,V035,C001,2025-07-01 22:07:00,Exhaust,67.9
N0849,V054,C010,2025-07-01 22:08:00,Cabin,73.6
N0850,V064,C014,2025-07-01 22:09:00,Engine,73.6
N0851,V024,C011,2025-07-01 22:10:00,Exhaust,69.2
N0852,V049,C017,2025-07-01 22:11:00,Exhaust,69.8
N0853,V091,C007,2025-07-01 22:12:00,Cabin,72.9
N0854,V029,C017,2025-07-01 22:13:00,Tires,72.3
N0855,V010,C002,2025-07-01 22:14:00,Transmission,68.3
N0856,V080,C018,2025-07-01 22:15:00,Tires,77.4
N0857,V099,C011,2025-07-01 22:16:00,Cabin,62.0
N0858,V024,C016,2025-07-01 22:17:00,Tires,67.6
N0859,V025,C006,2025-07-01 22:18:00,Transmission,73.8
N0860,V084,C011,2025-07-01 22:19:00,Cabin,71.0
N0861,V073,C015,2025-07-01 22:20:00,Tires,71.1
N0862,V022,C008,2025-07-01 22:21:00,Engine,145.0
N0863,V065,C012,2025-07-01 22:22:00,Transmission,135.0
N0864,V069,C008,2025-07-01 22:23:00,Cabin,67.8
N0865,V045,C020,2025-07-01 22:24:00,Tires,67.9
N0866,V076,C001,2025-07-01 22:25:00,Tires,75.2
N0867,V003,C002,2025-07-01 22:26:00,Transmission,77.6
N0868,V018,C014,2025-07-01 22:27:00,Tires,76.3
N0869,V046,C010,2025-07-01 22:28:00,Cabin,71.6
N0870,V044,C009,2025-07-01 22:29:00,Engine,76.3
N0871,V067,C001,2025-07-01 22:30:00,Exhaust,64.5
N0872,V029,C007,2025-07-01 22:31:00,Tires,69.1
N0873,V033,C009,2025-07-01 22:32:00,Exhaust,71.1
N0874,V012,C005,2025-07-01 22:33:00,Cabin,61.8
N0875,V062,C020,2025-07-01 22:34:00,Engine,70.1
N0876,V074,C003,2025-07-01 22:35:00,Tires,61.5
N0877,V078,C011,2025-07-01 22:36:00,Cabin,70.6
N0878,V036,C010,2025-07-01 22:37:00,Transmission,72.2
N0879,V027,C010,2025-07-01 22:38:00,Cabin,66.0
N0880,V002,C012,2025-07-01 22:39:00,Cabin,71.8
N0881,V008,C015,2025-07-01 22:40:00,Exhaust,65.4
N0882,V078,C020,2025-07-01 22:41:00,Transmission,61.2
N0883,V054,C020,2025-07-01 22:42:00,Engine,71.7
N0884,V068,C009,2025-07-01 22:43:00,Exhaust,73.2
N0885,V011,C004,2025-07-01 22:44:00,Tires,69.5
N0886,V044,C015,2025-07-01 22:45:00,Tires,76.8
N0887,V097,C010,2025-07-01 22:46:00,Transmission,71.8
N0888,V099,C020,2025-07-01 22:47:00,Engine,69.7
N0889,V030,C001,2025-07-01 22:48:00,Transmission,77.6
N0890,V052,C006,2025-07-01 22:49:00,Engine,60.7
N0891,V007,C009,2025-07-01 22:50:00,Cabin,74.1
N0892,V025,C006,2025-07-01 22:51:00,Exhaust,69.9
N0893,V036,C016,2025-07-01 22:52:00,Cabin,76.7
N0894,V066,C020,2025-07-01 22:53:00,Exhaust,73.9
N0895,V058,C003,2025-07-01 22:54:00,Engine,77.1
N0896,V082,C013,2025-07-01 22:55:00,Engine,73.2
N0897,V056,C020,2025-07-01 22:56:00,Tires,68.5
N0898,V069,C010,2025-07-01 22:57:00,Transmission,62.9
N0899,V061,C009,2025-07-01 22:58:00,Cabin,69.3
N0900,V066,C012,2025-07-01 22:59:00,Exhaust,66.1
N0901,V063,C016,2025-07-01 23:00:00,Exhaust,67.9
N0902,V074,C012,2025-07-01 23:01:00,Transmission,73.2
N0903,V011,C003,2025-07-01 23:02:00,Transmission,69.9
N0904,V045,C002,2025-07-01 23:03:00,Cabin,72.9
N0905,V033,C004,2025-07-01 23:04:00,Cabin,76.2
N0906,V077,C018,2025-07-01 23:05:00,Exhaust,72.9
N0907,V045,C018,2025-07-01 23:06:00,Cabin,66.3
N0908,V020,C005,2025-07-01 23:07:00,Transmission,67.2
N0909,V053,C001,2025-07-01 23:08:00,Transmission,71.5
N0910,V085,C008,2025-07-01 23:09:00,Tires,71.6
N0911,V015,C010,2025-07-01 23:10:00,Tires,65.4
N0912,V064,C008,2025-07-01 23:11:00,Cabin,67.7
N0913,V063,C011,2025-07-01 23:12:00,Exhaust,71.0
N0914,V052,C020,2025-07-01 23:13:00,Exhaust,72.8
N0915,V087,C011,2025-07-01 23:14:00,Exhaust,75.6
N0916,V097,C003,2025-07-01 23:15:00,Exhaust,77.0
N0917,V005,C007,2025-07-01 23:16:00,Cabin,74.8
N0918,V012,C007,2025-07-01 23:17:00,Tires,73.7
N0919,V030,C010,2025-07-01 23:18:00,Tires,76.0
N0920,V085,C005,2025-07-01 23:19:00,Cabin,74.8
N0921,V097,C013,2025-07-01 23:20:00,Exhaust,73.7
N0922,V016,C020,2025-07-01 23:21:00,Transmission,69.0
N0923,V052,C001,2025-07-01 23:22:00,Tires,65.9
N0924,V087,C002,2025-07-01 23:23:00,Transmission,71.6
N0925,V042,C001,2025-07-01 23:24:00,Cabin,64.3
N0926,V038,C011,2025-07-01 23:25:00,Exhaust,77.0
N0927,V013,C008,2025-07-01 23:26:00,Cabin,78.2
N0928,V045,C012,2025-07-01 23:27:00,Exhaust,69.4
N0929,V061,C012,2025-07-01 23:28:00,Transmission,69.3
N0930,V068,C001,2025-07-01 23:29:00,Cabin,64.8
N0931,V035,C006,2025-07-01 23:30:00,Transmission,74.4
N0932,V065,C005,2025-07-01 23:31:00,Cabin,65.3
N0933,V048,C004,2025-07-01 23:32:00,Transmission,71.4
N0934,V065,C005,2025-07-01 23:33:00,Engine,145.0
N0935,V078,C001,2025-07-01 23:34:00,Transmission,70.2
N0936,V077,C009,2025-07-01 23:35:00,Exhaust,71.2
N0937,V054,C001,2025-07-01 23:36:00,Tires,79.4
N0938,V041,C006,2025-07-01 23:37:00,Engine,73.9
N0939,V061,C003,2025-07-01 23:38:00,Transmission,71.6
N0940,V026,C005,2025-07-01 23:39:00,Transmission,71.5
N0941,V014,C002,2025-07-01 23:40:00,Exhaust,65.5
N0942,V075,C010,2025-07-01 23:41:00,Transmission,73.0
N0943,V022,C016,2025-07-01 23:42:00,Tires,63.5
N0944,V020,C008,2025-07-01 23:43:00,Transmission,69.4
N0945,V003,C006,2025-07-01 23:44:00,Transmission,67.6
N0946,V026,C006,2025-07-01 23:45:00,Engine,79.9
N0947,V067,C012,2025-07-01 23:46:00,Exhaust,77.9
N0948,V055,C010,2025-07-01 23:47:00,Engine,64.4
N0949,V003,C011,2025-07-01 23:48:00,Tires,81.6
N0950,V056,C008,2025-07-01 23:49:00,Engine,78.9
N0951,V020,C005,2025-07-01 23:50:00,Engine,79.0
N0952,V051,C001,2025-07-01 23:51:00,Cabin,76.0
N0953,V057,C009,2025-07-01 23:52:00,Engine,66.4
N0954,V021,C015,2025-07-01 23:53:00,Cabin,69.2
N0955,V080,C002,2025-07-01 23:54:00,Tires,80.2
N0956,V041,C009,2025-07-01 23:55:00,Engine,135.0
N0957,V090,C009,2025-07-01 23:56:00,Transmission,75.8
N0958,V013,C007,2025-07-01 23:57:00,Cabin,72.2
N0959,V006,C006,2025-07-01 23:58:00,Cabin,71.6
N0960,V079,C003,2025-07-01 23:59:00,Engine,66.6
N0961,V036,C012,2025-07-02 00:00:00,Tires,73.2
N0962,V058,C004,2025-07-02 00:01:00,Transmission,74.1
N0963,V061,C013,2025-07-02 00:02:00,Cabin,72.6
N0964,V063,C012,2025-07-02 00:03:00,Exhaust,69.9
N0965,V032,C015,2025-07-02 00:04:00,Tires,71.7
N0966,V089,C018,2025-07-02 00:05:00,Tires,74.2
N0967,V075,C009,2025-07-02 00:06:00,Tires,76.9
N0968,V081,C018,2025-07-02 00:07:00,Tires,74.2
N0969,V097,C018,2025-07-02 00:08:00,Cabin,64.4
N0970,V017,C005,2025-07-02 00:09:00,Engine,75.4
N0971,V072,C005,2025-07-02 00:10:00,Engine,74.1
N0972,V081,C009,2025-07-02 00:11:00,Engine,78.0
N0973,V061,C018,2025-07-02 00:12:00,Exhaust,73.1
N0974,V008,C017,2025-07-02 00:13:00,Engine,67.2
N0975,V063,C005,2025-07-02 00:14:00,Cabin,83.5
N0976,V038,C018,2025-07-02 00:15:00,Engine,69.7
N0977,V039,C011,2025-07-02 00:16:00,Tires,74.7
N0978,V032,C019,2025-07-02 00:17:00,Transmission,79.3
N0979,V048,C003,2025-07-02 00:18:00,Exhaust,74.9
N0980,V037,C018,2025-07-02 00:19:00,Tires,70.5
N0981,V044,C009,2025-07-02 00:20:00,Tires,75.6
N0982,V077,C017,2025-07-02 00:21:00,Engine,68.8
N0983,V028,C011,2025-07-02 00:22:00,Transmission,62.6
N0984,V060,C009,2025-07-02 00:23:00,Transmission,76.3
N0985,V039,C018,2025-07-02 00:24:00,Transmission,69.9
N0986,V075,C013,2025-07-02 00:25:00,Exhaust,76.3
N0987,V013,C017,2025-07-02 00:26:00,Exhaust,66.7
N0988,V016,C019,2025-07-02 00:27:00,Transmission,71.9
N0989,V011,C007,2025-07-02 00:28:00,Cabin,72.6
N0990,V029,C018,2025-07-02 00:29:00,Tires,69.4
N0991,V063,C014,2025-07-02 00:30:00,Engine,68.5
N0992,V053,C010,2025-07-02 00:31:00,Exhaust,66.6
N0993,V011,C010,2025-07-02 00:32:00,Tires,74.3
N0994,V097,C003,2025-07-02 00:33:00,Cabin,62.6
N0995,V053,C011,2025-07-02 00:34:00,Engine,63.6
N0996,V075,C016,2025-07-02 00:35:00,Engine,70.9
N0997,V076,C020,2025-07-02 00:36:00,Engine,76.5
N0998,V089,C002,2025-07-02 00:37:00,Exhaust,81.6
N0999,V044,C013,2025-07-02 00:38:00,Engine,62.9
N1000,V025,C015,2025-07-02 00:39:00,Tires,64.5
