VibrationID,VehicleID,ConditionID,Timestamp,MeasurementPoint,Vibration_m_s2
V0001,V024,C008,2025-07-01 08:00:00,Rear Right Axle,0.15
V0002,V022,C003,2025-07-01 08:01:00,Front Left Axle,0.45
V0003,V068,C015,2025-07-01 08:02:00,Rear Right Axle,0.75
V0004,V089,C010,2025-07-01 08:03:00,Rear Right Axle,0.32
V0005,V084,C018,2025-07-01 08:04:00,Steering Column,0.2
V0006,V056,C002,2025-07-01 08:05:00,Chassis Center,0.54
V0007,V050,C007,2025-07-01 08:06:00,Floor Panel,0.19
V0008,V067,C006,2025-07-01 08:07:00,Rear Right Axle,0.51
V0009,V010,C013,2025-07-01 08:08:00,Chassis Center,0.36
V0010,V013,C002,2025-07-01 08:09:00,Chassis Center,0.2
V0011,V073,C005,2025-07-01 08:10:00,Floor Panel,0.83
V0012,V088,C005,2025-07-01 08:11:00,Rear Right Axle,0.61
V0013,V042,C003,2025-07-01 08:12:00,Floor Panel,0.77
V0014,V004,C011,2025-07-01 08:13:00,Steering Column,0.34
V0015,V017,C014,2025-07-01 08:14:00,Rear Right Axle,0.9
V0016,V070,C015,2025-07-01 08:15:00,Floor Panel,0.78
V0017,V092,C013,2025-07-01 08:16:00,Floor Panel,0.82
V0018,V013,C007,2025-07-01 08:17:00,Steering Column,0.38
V0019,V012,C010,2025-07-01 08:18:00,Steering Column,0.89
V0020,V091,C008,2025-07-01 08:19:00,Chassis Center,0.89
V0021,V071,C018,2025-07-01 08:20:00,Floor Panel,0.76
V0022,V047,C001,2025-07-01 08:21:00,Steering Column,0.5
V0023,V099,C002,2025-07-01 08:22:00,Floor Panel,0.52
V0024,V029,C009,2025-07-01 08:23:00,Floor Panel,0.48
V0025,V041,C017,2025-07-01 08:24:00,Steering Column,0.72
V0026,V006,C003,2025-07-01 08:25:00,Rear Right Axle,0.88
V0027,V054,C011,2025-07-01 08:26:00,Floor Panel,0.21
V0028,V089,C015,2025-07-01 08:27:00,Chassis Center,0.36
V0029,V047,C008,2025-07-01 08:28:00,Chassis Center,0.51
V0030,V072,C005,2025-07-01 08:29:00,Chassis Center,0.28
V0031,V001,C020,2025-07-01 08:30:00,Front Left Axle,0.53
V0032,V069,C006,2025-07-01 08:31:00,Floor Panel,0.79
V0033,V030,C016,2025-07-01 08:32:00,Steering Column,0.62
V0034,V070,C013,2025-07-01 08:33:00,Floor Panel,0.6
V0035,V081,C005,2025-07-01 08:34:00,Floor Panel,0.67
V0036,V031,C008,2025-07-01 08:35:00,Rear Right Axle,0.65
V0037,V068,C017,2025-07-01 08:36:00,Steering Column,0.29
V0038,V060,C016,2025-07-01 08:37:00,Steering Column,0.23
V0039,V038,C001,2025-07-01 08:38:00,Steering Column,0.65
V0040,V090,C007,2025-07-01 08:39:00,Floor Panel,0.82
V0041,V026,C012,2025-07-01 08:40:00,Floor Panel,0.22
V0042,V060,C013,2025-07-01 08:41:00,Rear Right Axle,0.79
V0043,V042,C019,2025-07-01 08:42:00,Floor Panel,0.75
V0044,V076,C001,2025-07-01 08:43:00,Rear Right Axle,0.36
V0045,V067,C013,2025-07-01 08:44:00,Floor Panel,0.51
V0046,V017,C012,2025-07-01 08:45:00,Front Left Axle,0.82
V0047,V084,C018,2025-07-01 08:46:00,Steering Column,0.64
V0048,V060,C001,2025-07-01 08:47:00,Steering Column,0.86
V0049,V097,C017,2025-07-01 08:48:00,Steering Column,0.86
V0050,V004,C016,2025-07-01 08:49:00,Rear Right Axle,0.33
V0051,V024,C016,2025-07-01 08:50:00,Chassis Center,0.45
V0052,V067,C008,2025-07-01 08:51:00,Chassis Center,0.16
V0053,V009,C017,2025-07-01 08:52:00,Floor Panel,0.84
V0054,V059,C006,2025-07-01 08:53:00,Front Left Axle,0.35
V0055,V032,C016,2025-07-01 08:54:00,Chassis Center,0.6
V0056,V051,C007,2025-07-01 08:55:00,Chassis Center,0.3
V0057,V061,C001,2025-07-01 08:56:00,Floor Panel,0.68
V0058,V094,C011,2025-07-01 08:57:00,Rear Right Axle,-0.24
V0059,V053,C010,2025-07-01 08:58:00,Floor Panel,0.66
V0060,V072,C014,2025-07-01 08:59:00,Floor Panel,0.71
V0061,V023,C007,2025-07-01 09:00:00,Steering Column,0.76
V0062,V073,C016,2025-07-01 09:01:00,Chassis Center,0.67
V0063,V083,C004,2025-07-01 09:02:00,Chassis Center,0.7
V0064,V069,C006,2025-07-01 09:03:00,Rear Right Axle,0.66
V0065,V045,C019,2025-07-01 09:04:00,Chassis Center,0.57
V0066,V099,C005,2025-07-01 09:05:00,Front Left Axle,0.15
V0067,V026,C011,2025-07-01 09:06:00,Steering Column,0.28
V0068,V047,C002,2025-07-01 09:07:00,Chassis Center,0.83
V0069,V052,C002,2025-07-01 09:08:00,Chassis Center,0.52
V0070,V088,C014,2025-07-01 09:09:00,Front Left Axle,0.17
V0071,V086,C020,2025-07-01 09:10:00,Front Left Axle,0.59
V0072,V010,C016,2025-07-01 09:11:00,Steering Column,0.45
V0073,V093,C006,2025-07-01 09:12:00,Floor Panel,-0.89
V0074,V063,C009,2025-07-01 09:13:00,Chassis Center,0.88
V0075,V099,C005,2025-07-01 09:14:00,Rear Right Axle,0.63
V0076,V045,C017,2025-07-01 09:15:00,Steering Column,0.39
V0077,V042,C007,2025-07-01 09:16:00,Floor Panel,0.85
V0078,V010,C003,2025-07-01 09:17:00,Front Left Axle,0.4
V0079,V056,C018,2025-07-01 09:18:00,Floor Panel,0.29
V0080,V022,C015,2025-07-01 09:19:00,Chassis Center,0.46
V0081,V057,C010,2025-07-01 09:20:00,Rear Right Axle,0.63
V0082,V059,C005,2025-07-01 09:21:00,Front Left Axle,0.33
V0083,V060,C002,2025-07-01 09:22:00,Chassis Center,0.31
V0084,V070,C017,2025-07-01 09:23:00,Front Left Axle,-0.27
V0085,V067,C009,2025-07-01 09:24:00,Floor Panel,0.87
V0086,V008,C009,2025-07-01 09:25:00,Chassis Center,0.4
V0087,V006,C015,2025-07-01 09:26:00,Chassis Center,0.42
V0088,V039,C001,2025-07-01 09:27:00,Rear Right Axle,0.75
V0089,V084,C006,2025-07-01 09:28:00,Rear Right Axle,0.48
V0090,V015,C014,2025-07-01 09:29:00,Chassis Center,0.61
V0091,V066,C005,2025-07-01 09:30:00,Steering Column,0.64
V0092,V007,C016,2025-07-01 09:31:00,Floor Panel,0.37
V0093,V011,C006,2025-07-01 09:32:00,Steering Column,0.68
V0094,V095,C005,2025-07-01 09:33:00,Chassis Center,0.5
V0095,V059,C011,2025-07-01 09:34:00,Steering Column,0.82
V0096,V100,C002,2025-07-01 09:35:00,Rear Right Axle,0.36
V0097,V011,C014,2025-07-01 09:36:00,Chassis Center,0.88
V0098,V081,C001,2025-07-01 09:37:00,Front Left Axle,0.71
V0099,V019,C012,2025-07-01 09:38:00,Steering Column,0.64
V0100,V039,C012,2025-07-01 09:39:00,Rear Right Axle,0.64
V0101,V099,C015,2025-07-01 09:40:00,Floor Panel,0.29
V0102,V004,C013,2025-07-01 09:41:00,Steering Column,0.65
V0103,V003,C005,2025-07-01 09:42:00,Chassis Center,0.25
V0104,V002,C016,2025-07-01 09:43:00,Floor Panel,0.53
V0105,V001,C018,2025-07-01 09:44:00,Rear Right Axle,0.46
V0106,V085,C005,2025-07-01 09:45:00,Steering Column,0.68
V0107,V072,C003,2025-07-01 09:46:00,Rear Right Axle,0.26
V0108,V052,C010,2025-07-01 09:47:00,Floor Panel,0.17
V0109,V006,C008,2025-07-01 09:48:00,Floor Panel,0.62
V0110,V054,C004,2025-07-01 09:49:00,Front Left Axle,0.41
V0111,V038,C007,2025-07-01 09:50:00,Steering Column,0.44
V0112,V057,C011,2025-07-01 09:51:00,Rear Right Axle,0.69
V0113,V004,C018,2025-07-01 09:52:00,Steering Column,0.6
V0114,V064,C006,2025-07-01 09:53:00,Floor Panel,0.89
V0115,V054,C011,2025-07-01 09:54:00,Floor Panel,0.53
V0116,V096,C015,2025-07-01 09:55:00,Steering Column,0.44
V0117,V051,C017,2025-07-01 09:56:00,Rear Right Axle,0.56
V0118,V031,C011,2025-07-01 09:57:00,Chassis Center,0.73
V0119,V037,C019,2025-07-01 09:58:00,Front Left Axle,0.48
V0120,V038,C003,2025-07-01 09:59:00,Floor Panel,0.81
V0121,V032,C018,2025-07-01 10:00:00,Rear Right Axle,0.5
V0122,V024,C012,2025-07-01 10:01:00,Chassis Center,0.62
V0123,V068,C007,2025-07-01 10:02:00,Floor Panel,0.86
V0124,V062,C009,2025-07-01 10:03:00,Chassis Center,0.23
V0125,V087,C019,2025-07-01 10:04:00,Chassis Center,0.69
V0126,V073,C007,2025-07-01 10:05:00,Floor Panel,0.82
V0127,V090,C002,2025-07-01 10:06:00,Front Left Axle,-0.81
V0128,V087,C007,2025-07-01 10:07:00,Floor Panel,0.89
V0129,V088,C009,2025-07-01 10:08:00,Steering Column,0.26
V0130,V053,C014,2025-07-01 10:09:00,Steering Column,0.27
V0131,V031,C014,2025-07-01 10:10:00,Chassis Center,0.81
V0132,V033,C017,2025-07-01 10:11:00,Front Left Axle,0.8
V0133,V016,C002,2025-07-01 10:12:00,Steering Column,0.87
V0134,V081,C013,2025-07-01 10:13:00,Floor Panel,0.56
V0135,V026,C016,2025-07-01 10:14:00,Rear Right Axle,0.68
V0136,V034,C002,2025-07-01 10:15:00,Steering Column,0.5
V0137,V045,C003,2025-07-01 10:16:00,Rear Right Axle,0.44
V0138,V057,C005,2025-07-01 10:17:00,Rear Right Axle,0.58
V0139,V075,C019,2025-07-01 10:18:00,Chassis Center,0.79
V0140,V100,C014,2025-07-01 10:19:00,Chassis Center,0.53
V0141,V065,C020,2025-07-01 10:20:00,Chassis Center,0.87
V0142,V017,C003,2025-07-01 10:21:00,Rear Right Axle,0.48
V0143,V096,C013,2025-07-01 10:22:00,Chassis Center,0.8
V0144,V072,C002,2025-07-01 10:23:00,Floor Panel,0.78
V0145,V018,C020,2025-07-01 10:24:00,Rear Right Axle,0.35
V0146,V062,C002,2025-07-01 10:25:00,Front Left Axle,0.9
V0147,V055,C005,2025-07-01 10:26:00,Front Left Axle,0.8
V0148,V076,C014,2025-07-01 10:27:00,Floor Panel,0.23
V0149,V097,C010,2025-07-01 10:28:00,Chassis Center,0.37
V0150,V006,C007,2025-07-01 10:29:00,Floor Panel,0.78
V0151,V001,C014,2025-07-01 10:30:00,Floor Panel,0.37
V0152,V092,C006,2025-07-01 10:31:00,Front Left Axle,0.57
V0153,V073,C004,2025-07-01 10:32:00,Floor Panel,0.76
V0154,V016,C012,2025-07-01 10:33:00,Rear Right Axle,0.24
V0155,V048,C003,2025-07-01 10:34:00,Steering Column,0.2
V0156,V092,C004,2025-07-01 10:35:00,Floor Panel,0.61
V0157,V019,C004,2025-07-01 10:36:00,Steering Column,0.88
V0158,V021,C019,2025-07-01 10:37:00,Front Left Axle,0.69
V0159,V035,C005,2025-07-01 10:38:00,Rear Right Axle,0.83
V0160,V037,C003,2025-07-01 10:39:00,Steering Column,0.61
V0161,V037,C004,2025-07-01 10:40:00,Steering Column,0.44
V0162,V082,C018,2025-07-01 10:41:00,Floor Panel,0.48
V0163,V070,C004,2025-07-01 10:42:00,Front Left Axle,0.65
V0164,V022,C004,2025-07-01 10:43:00,Chassis Center,0.79
V0165,V028,C012,2025-07-01 10:44:00,Rear Right Axle,0.31
V0166,V045,C012,2025-07-01 10:45:00,Chassis Center,0.72
V0167,V054,C019,2025-07-01 10:46:00,Front Left Axle,-0.69
V0168,V088,C007,2025-07-01 10:47:00,Rear Right Axle,0.29
V0169,V080,C013,2025-07-01 10:48:00,Steering Column,0.41
V0170,V054,C004,2025-07-01 10:49:00,Floor Panel,0.53
V0171,V076,C009,2025-07-01 10:50:00,Floor Panel,0.37
V0172,V044,C004,2025-07-01 10:51:00,Steering Column,0.7
V0173,V031,C007,2025-07-01 10:52:00,Front Left Axle,-0.18
V0174,V012,C004,2025-07-01 10:53:00,Floor Panel,0.88
V0175,V021,C018,2025-07-01 10:54:00,Floor Panel,0.74
V0176,V081,C005,2025-07-01 10:55:00,Front Left Axle,-0.73
V0177,V017,C007,2025-07-01 10:56:00,Floor Panel,0.53
V0178,V018,C008,2025-07-01 10:57:00,Floor Panel,0.41
V0179,V021,C008,2025-07-01 10:58:00,Chassis Center,0.15
V0180,V066,C002,2025-07-01 10:59:00,Chassis Center,0.82
V0181,V069,C011,2025-07-01 11:00:00,Rear Right Axle,0.59
V0182,V029,C011,2025-07-01 11:01:00,Rear Right Axle,0.27
V0183,V006,C011,2025-07-01 11:02:00,Chassis Center,0.78
V0184,V014,C008,2025-07-01 11:03:00,Steering Column,0.4
V0185,V021,C013,2025-07-01 11:04:00,Steering Column,0.47
V0186,V095,C006,2025-07-01 11:05:00,Floor Panel,0.46
V0187,V025,C005,2025-07-01 11:06:00,Front Left Axle,0.22
V0188,V009,C009,2025-07-01 11:07:00,Rear Right Axle,0.82
V0189,V092,C015,2025-07-01 11:08:00,Front Left Axle,0.8
V0190,V099,C010,2025-07-01 11:09:00,Front Left Axle,0.24
V0191,V060,C017,2025-07-01 11:10:00,Steering Column,0.47
V0192,V046,C011,2025-07-01 11:11:00,Chassis Center,0.37
V0193,V017,C018,2025-07-01 11:12:00,Rear Right Axle,0.46
V0194,V006,C012,2025-07-01 11:13:00,Chassis Center,0.62
V0195,V048,C003,2025-07-01 11:14:00,Floor Panel,0.49
V0196,V044,C013,2025-07-01 11:15:00,Front Left Axle,0.29
V0197,V031,C014,2025-07-01 11:16:00,Rear Right Axle,0.51
V0198,V077,C009,2025-07-01 11:17:00,Steering Column,0.4
V0199,V031,C018,2025-07-01 11:18:00,Steering Column,0.68
V0200,V087,C010,2025-07-01 11:19:00,Front Left Axle,0.26
V0201,V014,C007,2025-07-01 11:20:00,Floor Panel,0.47
V0202,V045,C018,2025-07-01 11:21:00,Steering Column,0.85
V0203,V021,C019,2025-07-01 11:22:00,Steering Column,0.87
V0204,V028,C017,2025-07-01 11:23:00,Chassis Center,0.28
V0205,V089,C016,2025-07-01 11:24:00,Chassis Center,0.66
V0206,V071,C007,2025-07-01 11:25:00,Front Left Axle,0.87
V0207,V028,C006,2025-07-01 11:26:00,Floor Panel,0.43
V0208,V032,C019,2025-07-01 11:27:00,Chassis Center,0.47
V0209,V030,C010,2025-07-01 11:28:00,Floor Panel,0.34
V0210,V084,C004,2025-07-01 11:29:00,Front Left Axle,0.34
V0211,V079,C012,2025-07-01 11:30:00,Floor Panel,0.21
V0212,V100,C012,2025-07-01 11:31:00,Rear Right Axle,0.5
V0213,V012,C003,2025-07-01 11:32:00,Steering Column,0.39
V0214,V083,C002,2025-07-01 11:33:00,Front Left Axle,0.81
V0215,V098,C008,2025-07-01 11:34:00,Steering Column,0.39
V0216,V040,C020,2025-07-01 11:35:00,Steering Column,0.5
V0217,V018,C009,2025-07-01 11:36:00,Floor Panel,0.68
V0218,V094,C008,2025-07-01 11:37:00,Front Left Axle,0.18
V0219,V040,C017,2025-07-01 11:38:00,Rear Right Axle,0.27
V0220,V029,C020,2025-07-01 11:39:00,Front Left Axle,0.16
V0221,V009,C002,2025-07-01 11:40:00,Chassis Center,0.76
V0222,V033,C004,2025-07-01 11:41:00,Floor Panel,0.74
V0223,V079,C003,2025-07-01 11:42:00,Steering Column,-0.28
V0224,V097,C009,2025-07-01 11:43:00,Floor Panel,0.69
V0225,V048,C002,2025-07-01 11:44:00,Rear Right Axle,0.6
V0226,V100,C019,2025-07-01 11:45:00,Steering Column,0.36
V0227,V030,C012,2025-07-01 11:46:00,Rear Right Axle,0.79
V0228,V076,C014,2025-07-01 11:47:00,Chassis Center,0.51
V0229,V075,C008,2025-07-01 11:48:00,Floor Panel,0.78
V0230,V072,C018,2025-07-01 11:49:00,Rear Right Axle,0.35
V0231,V056,C011,2025-07-01 11:50:00,Steering Column,0.53
V0232,V011,C017,2025-07-01 11:51:00,Rear Right Axle,0.79
V0233,V067,C015,2025-07-01 11:52:00,Chassis Center,0.29
V0234,V072,C015,2025-07-01 11:53:00,Chassis Center,0.67
V0235,V018,C001,2025-07-01 11:54:00,Steering Column,0.33
V0236,V029,C007,2025-07-01 11:55:00,Chassis Center,0.56
V0237,V067,C014,2025-07-01 11:56:00,Rear Right Axle,0.68
V0238,V064,C012,2025-07-01 11:57:00,Floor Panel,0.34
V0239,V087,C005,2025-07-01 11:58:00,Floor Panel,0.63
V0240,V027,C011,2025-07-01 11:59:00,Floor Panel,0.16
V0241,V015,C012,2025-07-01 12:00:00,Steering Column,0.62
V0242,V053,C017,2025-07-01 12:01:00,Rear Right Axle,0.22
V0243,V005,C019,2025-07-01 12:02:00,Floor Panel,0.26
V0244,V080,C007,2025-07-01 12:03:00,Steering Column,0.42
V0245,V090,C006,2025-07-01 12:04:00,Rear Right Axle,0.17
V0246,V021,C015,2025-07-01 12:05:00,Front Left Axle,0.72
V0247,V037,C017,2025-07-01 12:06:00,Chassis Center,0.85
V0248,V018,C003,2025-07-01 12:07:00,Floor Panel,0.2
V0249,V007,C016,2025-07-01 12:08:00,Floor Panel,0.78
V0250,V055,C014,2025-07-01 12:09:00,Rear Right Axle,0.85
V0251,V001,C009,2025-07-01 12:10:00,Floor Panel,0.19
V0252,V067,C007,2025-07-01 12:11:00,Chassis Center,0.36
V0253,V028,C007,2025-07-01 12:12:00,Steering Column,0.23
V0254,V050,C017,2025-07-01 12:13:00,Front Left Axle,0.68
V0255,V082,C015,2025-07-01 12:14:00,Floor Panel,0.3
V0256,V039,C007,2025-07-01 12:15:00,Chassis Center,0.53
V0257,V086,C005,2025-07-01 12:16:00,Front Left Axle,-0.38
V0258,V034,C006,2025-07-01 12:17:00,Rear Right Axle,0.63
V0259,V050,C011,2025-07-01 12:18:00,Chassis Center,0.32
V0260,V086,C002,2025-07-01 12:19:00,Chassis Center,0.37
V0261,V039,C004,2025-07-01 12:20:00,Chassis Center,0.34
V0262,V080,C005,2025-07-01 12:21:00,Chassis Center,0.83
V0263,V069,C001,2025-07-01 12:22:00,Chassis Center,0.73
V0264,V003,C011,2025-07-01 12:23:00,Steering Column,0.69
V0265,V068,C002,2025-07-01 12:24:00,Rear Right Axle,0.87
V0266,V064,C003,2025-07-01 12:25:00,Steering Column,0.68
V0267,V061,C004,2025-07-01 12:26:00,Front Left Axle,0.65
V0268,V025,C003,2025-07-01 12:27:00,Front Left Axle,0.62
V0269,V037,C011,2025-07-01 12:28:00,Front Left Axle,0.65
V0270,V029,C017,2025-07-01 12:29:00,Chassis Center,0.6
V0271,V047,C015,2025-07-01 12:30:00,Chassis Center,0.28
V0272,V010,C018,2025-07-01 12:31:00,Chassis Center,0.32
V0273,V074,C004,2025-07-01 12:32:00,Rear Right Axle,0.35
V0274,V094,C004,2025-07-01 12:33:00,Floor Panel,0.62
V0275,V011,C019,2025-07-01 12:34:00,Rear Right Axle,0.44
V0276,V009,C017,2025-07-01 12:35:00,Steering Column,0.76
V0277,V080,C014,2025-07-01 12:36:00,Chassis Center,0.55
V0278,V081,C009,2025-07-01 12:37:00,Rear Right Axle,0.9
V0279,V098,C007,2025-07-01 12:38:00,Steering Column,0.62
V0280,V096,C004,2025-07-01 12:39:00,Rear Right Axle,0.47
V0281,V029,C019,2025-07-01 12:40:00,Front Left Axle,-0.77
V0282,V020,C012,2025-07-01 12:41:00,Chassis Center,0.5
V0283,V082,C005,2025-07-01 12:42:00,Front Left Axle,0.17
V0284,V064,C016,2025-07-01 12:43:00,Floor Panel,0.43
V0285,V013,C014,2025-07-01 12:44:00,Front Left Axle,0.58
V0286,V046,C013,2025-07-01 12:45:00,Chassis Center,0.75
V0287,V089,C012,2025-07-01 12:46:00,Steering Column,0.85
V0288,V079,C002,2025-07-01 12:47:00,Steering Column,0.58
V0289,V066,C004,2025-07-01 12:48:00,Front Left Axle,0.33
V0290,V064,C012,2025-07-01 12:49:00,Front Left Axle,0.72
V0291,V025,C009,2025-07-01 12:50:00,Rear Right Axle,0.68
V0292,V069,C013,2025-07-01 12:51:00,Rear Right Axle,0.87
V0293,V091,C013,2025-07-01 12:52:00,Front Left Axle,0.41
V0294,V022,C001,2025-07-01 12:53:00,Floor Panel,0.85
V0295,V012,C019,2025-07-01 12:54:00,Steering Column,0.17
V0296,V002,C010,2025-07-01 12:55:00,Rear Right Axle,0.45
V0297,V095,C004,2025-07-01 12:56:00,Rear Right Axle,0.26
V0298,V030,C005,2025-07-01 12:57:00,Front Left Axle,0.49
V0299,V018,C007,2025-07-01 12:58:00,Floor Panel,0.34
V0300,V035,C012,2025-07-01 12:59:00,Steering Column,0.51
V0301,V073,C005,2025-07-01 13:00:00,Chassis Center,0.35
V0302,V048,C004,2025-07-01 13:01:00,Steering Column,0.82
V0303,V046,C007,2025-07-01 13:02:00,Steering Column,0.16
V0304,V071,C019,2025-07-01 13:03:00,Rear Right Axle,0.48
V0305,V009,C014,2025-07-01 13:04:00,Floor Panel,0.18
V0306,V057,C017,2025-07-01 13:05:00,Front Left Axle,0.62
V0307,V056,C012,2025-07-01 13:06:00,Rear Right Axle,0.71
V0308,V082,C007,2025-07-01 13:07:00,Front Left Axle,0.44
V0309,V059,C011,2025-07-01 13:08:00,Floor Panel,0.84
V0310,V004,C020,2025-07-01 13:09:00,Front Left Axle,0.88
V0311,V001,C014,2025-07-01 13:10:00,Steering Column,0.72
V0312,V092,C015,2025-07-01 13:11:00,Steering Column,0.51
V0313,V033,C017,2025-07-01 13:12:00,Front Left Axle,0.59
V0314,V048,C019,2025-07-01 13:13:00,Steering Column,0.3
V0315,V087,C006,2025-07-01 13:14:00,Steering Column,0.63
V0316,V070,C018,2025-07-01 13:15:00,Rear Right Axle,0.73
V0317,V010,C001,2025-07-01 13:16:00,Front Left Axle,0.81
V0318,V007,C019,2025-07-01 13:17:00,Rear Right Axle,0.81
V0319,V041,C012,2025-07-01 13:18:00,Steering Column,0.58
V0320,V029,C011,2025-07-01 13:19:00,Front Left Axle,0.78
V0321,V040,C017,2025-07-01 13:20:00,Steering Column,0.84
V0322,V090,C006,2025-07-01 13:21:00,Front Left Axle,0.86
V0323,V096,C006,2025-07-01 13:22:00,Rear Right Axle,0.48
V0324,V011,C003,2025-07-01 13:23:00,Rear Right Axle,0.16
V0325,V042,C002,2025-07-01 13:24:00,Chassis Center,0.85
V0326,V063,C014,2025-07-01 13:25:00,Rear Right Axle,0.84
V0327,V069,C010,2025-07-01 13:26:00,Chassis Center,0.8
V0328,V045,C008,2025-07-01 13:27:00,Front Left Axle,0.27
V0329,V045,C008,2025-07-01 13:28:00,Steering Column,0.22
V0330,V077,C013,2025-07-01 13:29:00,Rear Right Axle,0.36
V0331,V099,C008,2025-07-01 13:30:00,Front Left Axle,0.23
V0332,V057,C006,2025-07-01 13:31:00,Front Left Axle,0.56
V0333,V076,C008,2025-07-01 13:32:00,Chassis Center,0.67
V0334,V094,C011,2025-07-01 13:33:00,Chassis Center,0.88
V0335,V042,C003,2025-07-01 13:34:00,Floor Panel,0.64
V0336,V044,C005,2025-07-01 13:35:00,Rear Right Axle,0.41
V0337,V056,C010,2025-07-01 13:36:00,Chassis Center,0.48
V0338,V009,C012,2025-07-01 13:37:00,Front Left Axle,0.89
V0339,V096,C001,2025-07-01 13:38:00,Chassis Center,0.79
V0340,V071,C015,2025-07-01 13:39:00,Rear Right Axle,0.24
V0341,V044,C004,2025-07-01 13:40:00,Floor Panel,0.26
V0342,V020,C012,2025-07-01 13:41:00,Rear Right Axle,0.2
V0343,V025,C016,2025-07-01 13:42:00,Front Left Axle,0.3
V0344,V015,C007,2025-07-01 13:43:00,Floor Panel,0.16
V0345,V054,C017,2025-07-01 13:44:00,Steering Column,0.81
V0346,V045,C004,2025-07-01 13:45:00,Steering Column,0.69
V0347,V076,C008,2025-07-01 13:46:00,Rear Right Axle,0.47
V0348,V097,C006,2025-07-01 13:47:00,Chassis Center,0.25
V0349,V060,C015,2025-07-01 13:48:00,Floor Panel,0.3
V0350,V008,C007,2025-07-01 13:49:00,Rear Right Axle,0.36
V0351,V087,C014,2025-07-01 13:50:00,Rear Right Axle,0.32
V0352,V058,C011,2025-07-01 13:51:00,Chassis Center,0.54
V0353,V076,C010,2025-07-01 13:52:00,Front Left Axle,0.56
V0354,V033,C005,2025-07-01 13:53:00,Floor Panel,0.85
V0355,V098,C005,2025-07-01 13:54:00,Front Left Axle,0.89
V0356,V032,C005,2025-07-01 13:55:00,Front Left Axle,0.3
V0357,V042,C016,2025-07-01 13:56:00,Rear Right Axle,0.56
V0358,V054,C020,2025-07-01 13:57:00,Front Left Axle,0.34
V0359,V027,C009,2025-07-01 13:58:00,Floor Panel,0.18
V0360,V002,C020,2025-07-01 13:59:00,Front Left Axle,0.61
V0361,V002,C007,2025-07-01 14:00:00,Front Left Axle,0.69
V0362,V073,C004,2025-07-01 14:01:00,Chassis Center,0.82
V0363,V053,C017,2025-07-01 14:02:00,Steering Column,0.37
V0364,V075,C014,2025-07-01 14:03:00,Rear Right Axle,-0.29
V0365,V089,C002,2025-07-01 14:04:00,Steering Column,0.24
V0366,V013,C014,2025-07-01 14:05:00,Chassis Center,0.29
V0367,V010,C008,2025-07-01 14:06:00,Steering Column,0.79
V0368,V058,C004,2025-07-01 14:07:00,Floor Panel,0.61
V0369,V030,C003,2025-07-01 14:08:00,Rear Right Axle,0.15
V0370,V097,C012,2025-07-01 14:09:00,Rear Right Axle,0.72
V0371,V090,C016,2025-07-01 14:10:00,Front Left Axle,0.24
V0372,V076,C006,2025-07-01 14:11:00,Rear Right Axle,0.16
V0373,V091,C018,2025-07-01 14:12:00,Rear Right Axle,0.66
V0374,V048,C015,2025-07-01 14:13:00,Rear Right Axle,0.41
V0375,V056,C004,2025-07-01 14:14:00,Rear Right Axle,0.82
V0376,V066,C013,2025-07-01 14:15:00,Floor Panel,0.59
V0377,V027,C020,2025-07-01 14:16:00,Front Left Axle,0.88
V0378,V046,C007,2025-07-01 14:17:00,Chassis Center,0.44
V0379,V095,C020,2025-07-01 14:18:00,Front Left Axle,0.59
V0380,V084,C012,2025-07-01 14:19:00,Front Left Axle,0.22
V0381,V085,C014,2025-07-01 14:20:00,Steering Column,-0.3
V0382,V061,C001,2025-07-01 14:21:00,Chassis Center,0.35
V0383,V055,C017,2025-07-01 14:22:00,Rear Right Axle,0.3
V0384,V058,C020,2025-07-01 14:23:00,Rear Right Axle,0.53
V0385,V079,C020,2025-07-01 14:24:00,Chassis Center,-0.59
V0386,V048,C014,2025-07-01 14:25:00,Chassis Center,0.31
V0387,V094,C003,2025-07-01 14:26:00,Floor Panel,0.21
V0388,V034,C007,2025-07-01 14:27:00,Rear Right Axle,0.37
V0389,V089,C009,2025-07-01 14:28:00,Chassis Center,0.35
V0390,V016,C001,2025-07-01 14:29:00,Front Left Axle,0.48
V0391,V021,C009,2025-07-01 14:30:00,Steering Column,0.52
V0392,V094,C012,2025-07-01 14:31:00,Chassis Center,0.44
V0393,V029,C003,2025-07-01 14:32:00,Chassis Center,0.9
V0394,V004,C008,2025-07-01 14:33:00,Steering Column,0.33
V0395,V092,C015,2025-07-01 14:34:00,Steering Column,0.49
V0396,V073,C015,2025-07-01 14:35:00,Chassis Center,0.79
V0397,V092,C011,2025-07-01 14:36:00,Rear Right Axle,0.74
V0398,V098,C001,2025-07-01 14:37:00,Front Left Axle,0.6
V0399,V031,C020,2025-07-01 14:38:00,Rear Right Axle,0.35
V0400,V088,C015,2025-07-01 14:39:00,Rear Right Axle,0.49
V0401,V017,C009,2025-07-01 14:40:00,Chassis Center,0.24
V0402,V054,C001,2025-07-01 14:41:00,Steering Column,0.86
V0403,V005,C014,2025-07-01 14:42:00,Floor Panel,0.89
V0404,V009,C006,2025-07-01 14:43:00,Front Left Axle,0.55
V0405,V023,C005,2025-07-01 14:44:00,Front Left Axle,0.4
V0406,V059,C002,2025-07-01 14:45:00,Steering Column,0.5
V0407,V037,C017,2025-07-01 14:46:00,Floor Panel,0.22
V0408,V030,C019,2025-07-01 14:47:00,Rear Right Axle,0.39
V0409,V048,C014,2025-07-01 14:48:00,Front Left Axle,0.55
V0410,V048,C011,2025-07-01 14:49:00,Floor Panel,0.45
V0411,V066,C018,2025-07-01 14:50:00,Rear Right Axle,0.42
V0412,V094,C013,2025-07-01 14:51:00,Floor Panel,0.64
V0413,V039,C015,2025-07-01 14:52:00,Steering Column,0.36
V0414,V078,C017,2025-07-01 14:53:00,Rear Right Axle,0.42
V0415,V022,C014,2025-07-01 14:54:00,Floor Panel,0.83
V0416,V025,C017,2025-07-01 14:55:00,Front Left Axle,0.45
V0417,V091,C016,2025-07-01 14:56:00,Floor Panel,0.17
V0418,V081,C013,2025-07-01 14:57:00,Rear Right Axle,0.74
V0419,V001,C009,2025-07-01 14:58:00,Chassis Center,0.54
V0420,V045,C016,2025-07-01 14:59:00,Rear Right Axle,0.75
V0421,V063,C014,2025-07-01 15:00:00,Front Left Axle,0.22
V0422,V055,C019,2025-07-01 15:01:00,Front Left Axle,0.23
V0423,V031,C012,2025-07-01 15:02:00,Steering Column,0.54
V0424,V035,C011,2025-07-01 15:03:00,Floor Panel,0.72
V0425,V049,C011,2025-07-01 15:04:00,Steering Column,0.26
V0426,V097,C009,2025-07-01 15:05:00,Chassis Center,0.66
V0427,V079,C015,2025-07-01 15:06:00,Front Left Axle,0.35
V0428,V059,C004,2025-07-01 15:07:00,Floor Panel,0.57
V0429,V020,C015,2025-07-01 15:08:00,Floor Panel,0.17
V0430,V034,C010,2025-07-01 15:09:00,Chassis Center,0.5
V0431,V085,C015,2025-07-01 15:10:00,Front Left Axle,0.79
V0432,V049,C007,2025-07-01 15:11:00,Chassis Center,0.73
V0433,V027,C006,2025-07-01 15:12:00,Rear Right Axle,0.73
V0434,V030,C001,2025-07-01 15:13:00,Rear Right Axle,0.22
V0435,V074,C002,2025-07-01 15:14:00,Steering Column,0.69
V0436,V016,C008,2025-07-01 15:15:00,Chassis Center,0.86
V0437,V092,C018,2025-07-01 15:16:00,Floor Panel,0.73
V0438,V096,C004,2025-07-01 15:17:00,Chassis Center,0.65
V0439,V050,C020,2025-07-01 15:18:00,Chassis Center,0.2
V0440,V062,C001,2025-07-01 15:19:00,Floor Panel,0.9
V0441,V021,C014,2025-07-01 15:20:00,Chassis Center,0.82
V0442,V035,C005,2025-07-01 15:21:00,Front Left Axle,0.56
V0443,V037,C002,2025-07-01 15:22:00,Floor Panel,0.82
V0444,V061,C019,2025-07-01 15:23:00,Chassis Center,0.67
V0445,V057,C011,2025-07-01 15:24:00,Front Left Axle,0.25
V0446,V026,C007,2025-07-01 15:25:00,Front Left Axle,0.25
V0447,V024,C020,2025-07-01 15:26:00,Rear Right Axle,0.83
V0448,V033,C020,2025-07-01 15:27:00,Front Left Axle,0.42
V0449,V050,C011,2025-07-01 15:28:00,Floor Panel,0.31
V0450,V066,C004,2025-07-01 15:29:00,Floor Panel,0.66
V0451,V088,C002,2025-07-01 15:30:00,Chassis Center,0.4
V0452,V086,C013,2025-07-01 15:31:00,Front Left Axle,0.16
V0453,V002,C009,2025-07-01 15:32:00,Rear Right Axle,-0.9
V0454,V044,C011,2025-07-01 15:33:00,Front Left Axle,0.37
V0455,V026,C006,2025-07-01 15:34:00,Steering Column,0.76
V0456,V004,C014,2025-07-01 15:35:00,Rear Right Axle,0.18
V0457,V072,C010,2025-07-01 15:36:00,Steering Column,0.42
V0458,V068,C006,2025-07-01 15:37:00,Front Left Axle,0.52
V0459,V038,C004,2025-07-01 15:38:00,Rear Right Axle,0.62
V0460,V008,C014,2025-07-01 15:39:00,Floor Panel,0.69
V0461,V011,C010,2025-07-01 15:40:00,Front Left Axle,0.16
V0462,V098,C015,2025-07-01 15:41:00,Rear Right Axle,0.16
V0463,V057,C013,2025-07-01 15:42:00,Floor Panel,0.7
V0464,V053,C001,2025-07-01 15:43:00,Floor Panel,0.63
V0465,V068,C014,2025-07-01 15:44:00,Floor Panel,0.37
V0466,V052,C017,2025-07-01 15:45:00,Front Left Axle,-0.32
V0467,V021,C017,2025-07-01 15:46:00,Chassis Center,0.22
V0468,V060,C014,2025-07-01 15:47:00,Front Left Axle,0.41
V0469,V024,C003,2025-07-01 15:48:00,Front Left Axle,0.86
V0470,V051,C006,2025-07-01 15:49:00,Rear Right Axle,0.69
V0471,V012,C014,2025-07-01 15:50:00,Chassis Center,0.8
V0472,V008,C009,2025-07-01 15:51:00,Front Left Axle,0.65
V0473,V046,C007,2025-07-01 15:52:00,Chassis Center,0.5
V0474,V034,C001,2025-07-01 15:53:00,Floor Panel,0.51
V0475,V025,C006,2025-07-01 15:54:00,Rear Right Axle,0.47
V0476,V027,C008,2025-07-01 15:55:00,Floor Panel,0.41
V0477,V004,C010,2025-07-01 15:56:00,Rear Right Axle,0.29
V0478,V020,C020,2025-07-01 15:57:00,Steering Column,0.52
V0479,V008,C008,2025-07-01 15:58:00,Floor Panel,0.35
V0480,V036,C013,2025-07-01 15:59:00,Floor Panel,0.51
V0481,V089,C011,2025-07-01 16:00:00,Rear Right Axle,0.64
V0482,V002,C002,2025-07-01 16:01:00,Front Left Axle,0.69
V0483,V075,C008,2025-07-01 16:02:00,Floor Panel,0.16
V0484,V097,C019,2025-07-01 16:03:00,Rear Right Axle,0.49
V0485,V059,C008,2025-07-01 16:04:00,Rear Right Axle,0.38
V0486,V017,C006,2025-07-01 16:05:00,Steering Column,0.76
V0487,V098,C006,2025-07-01 16:06:00,Steering Column,0.86
V0488,V066,C007,2025-07-01 16:07:00,Rear Right Axle,0.79
V0489,V043,C003,2025-07-01 16:08:00,Floor Panel,0.32
V0490,V034,C013,2025-07-01 16:09:00,Floor Panel,0.58
V0491,V053,C020,2025-07-01 16:10:00,Rear Right Axle,0.58
V0492,V053,C006,2025-07-01 16:11:00,Steering Column,0.67
V0493,V084,C018,2025-07-01 16:12:00,Chassis Center,0.23
V0494,V076,C011,2025-07-01 16:13:00,Floor Panel,0.24
V0495,V022,C019,2025-07-01 16:14:00,Steering Column,0.85
V0496,V086,C008,2025-07-01 16:15:00,Front Left Axle,0.81
V0497,V067,C018,2025-07-01 16:16:00,Front Left Axle,0.61
V0498,V014,C017,2025-07-01 16:17:00,Front Left Axle,0.81
V0499,V056,C001,2025-07-01 16:18:00,Floor Panel,0.21
V0500,V071,C004,2025-07-01 16:19:00,Front Left Axle,0.6
V0501,V043,C018,2025-07-01 16:20:00,Chassis Center,0.66
V0502,V090,C001,2025-07-01 16:21:00,Front Left Axle,0.8
V0503,V098,C014,2025-07-01 16:22:00,Chassis Center,0.71
V0504,V042,C004,2025-07-01 16:23:00,Chassis Center,0.22
V0505,V072,C011,2025-07-01 16:24:00,Front Left Axle,0.34
V0506,V087,C001,2025-07-01 16:25:00,Steering Column,0.65
V0507,V088,C002,2025-07-01 16:26:00,Chassis Center,0.4
V0508,V053,C015,2025-07-01 16:27:00,Chassis Center,0.87
V0509,V001,C016,2025-07-01 16:28:00,Rear Right Axle,0.63
V0510,V033,C016,2025-07-01 16:29:00,Rear Right Axle,0.77
V0511,V092,C001,2025-07-01 16:30:00,Floor Panel,0.82
V0512,V031,C008,2025-07-01 16:31:00,Rear Right Axle,0.34
V0513,V017,C001,2025-07-01 16:32:00,Steering Column,0.41
V0514,V071,C010,2025-07-01 16:33:00,Rear Right Axle,0.67
V0515,V052,C009,2025-07-01 16:34:00,Floor Panel,0.37
V0516,V063,C011,2025-07-01 16:35:00,Floor Panel,0.38
V0517,V011,C010,2025-07-01 16:36:00,Steering Column,0.58
V0518,V056,C008,2025-07-01 16:37:00,Front Left Axle,0.29
V0519,V082,C011,2025-07-01 16:38:00,Steering Column,0.19
V0520,V036,C011,2025-07-01 16:39:00,Chassis Center,0.53
V0521,V072,C020,2025-07-01 16:40:00,Rear Right Axle,0.55
V0522,V082,C010,2025-07-01 16:41:00,Rear Right Axle,0.82
V0523,V059,C018,2025-07-01 16:42:00,Floor Panel,0.4
V0524,V037,C006,2025-07-01 16:43:00,Floor Panel,0.21
V0525,V064,C010,2025-07-01 16:44:00,Floor Panel,0.24
V0526,V032,C003,2025-07-01 16:45:00,Chassis Center,0.26
V0527,V004,C005,2025-07-01 16:46:00,Floor Panel,0.49
V0528,V017,C002,2025-07-01 16:47:00,Rear Right Axle,0.41
V0529,V083,C007,2025-07-01 16:48:00,Floor Panel,0.36
V0530,V100,C002,2025-07-01 16:49:00,Front Left Axle,0.58
V0531,V087,C013,2025-07-01 16:50:00,Rear Right Axle,0.44
V0532,V035,C010,2025-07-01 16:51:00,Steering Column,0.42
V0533,V056,C020,2025-07-01 16:52:00,Chassis Center,0.53
V0534,V060,C002,2025-07-01 16:53:00,Steering Column,0.34
V0535,V052,C017,2025-07-01 16:54:00,Front Left Axle,0.44
V0536,V077,C002,2025-07-01 16:55:00,Front Left Axle,0.42
V0537,V013,C012,2025-07-01 16:56:00,Floor Panel,0.39
V0538,V089,C013,2025-07-01 16:57:00,Steering Column,0.72
V0539,V075,C008,2025-07-01 16:58:00,Chassis Center,0.32
V0540,V098,C012,2025-07-01 16:59:00,Front Left Axle,0.73
V0541,V076,C003,2025-07-01 17:00:00,Front Left Axle,0.53
V0542,V093,C016,2025-07-01 17:01:00,Front Left Axle,0.42
V0543,V012,C007,2025-07-01 17:02:00,Floor Panel,0.69
V0544,V061,C009,2025-07-01 17:03:00,Floor Panel,0.76
V0545,V061,C017,2025-07-01 17:04:00,Floor Panel,0.59
V0546,V073,C017,2025-07-01 17:05:00,Chassis Center,-1.0
V0547,V012,C018,2025-07-01 17:06:00,Chassis Center,0.36
V0548,V034,C002,2025-07-01 17:07:00,Chassis Center,0.48
V0549,V078,C012,2025-07-01 17:08:00,Floor Panel,0.54
V0550,V077,C017,2025-07-01 17:09:00,Front Left Axle,-0.85
V0551,V087,C019,2025-07-01 17:10:00,Front Left Axle,0.81
V0552,V004,C008,2025-07-01 17:11:00,Rear Right Axle,0.85
V0553,V045,C001,2025-07-01 17:12:00,Front Left Axle,0.3
V0554,V011,C004,2025-07-01 17:13:00,Rear Right Axle,0.8
V0555,V031,C015,2025-07-01 17:14:00,Chassis Center,0.51
V0556,V035,C002,2025-07-01 17:15:00,Rear Right Axle,0.22
V0557,V072,C015,2025-07-01 17:16:00,Steering Column,0.56
V0558,V053,C004,2025-07-01 17:17:00,Front Left Axle,0.66
V0559,V088,C004,2025-07-01 17:18:00,Rear Right Axle,0.68
V0560,V079,C011,2025-07-01 17:19:00,Steering Column,0.44
V0561,V098,C015,2025-07-01 17:20:00,Steering Column,0.63
V0562,V099,C002,2025-07-01 17:21:00,Rear Right Axle,0.4
V0563,V049,C001,2025-07-01 17:22:00,Rear Right Axle,0.36
V0564,V036,C015,2025-07-01 17:23:00,Front Left Axle,0.35
V0565,V079,C005,2025-07-01 17:24:00,Front Left Axle,0.41
V0566,V066,C016,2025-07-01 17:25:00,Steering Column,0.17
V0567,V024,C012,2025-07-01 17:26:00,Front Left Axle,0.69
V0568,V011,C004,2025-07-01 17:27:00,Front Left Axle,0.67
V0569,V097,C011,2025-07-01 17:28:00,Chassis Center,0.68
V0570,V059,C005,2025-07-01 17:29:00,Front Left Axle,0.18
V0571,V067,C001,2025-07-01 17:30:00,Front Left Axle,0.37
V0572,V073,C002,2025-07-01 17:31:00,Front Left Axle,0.47
V0573,V081,C017,2025-07-01 17:32:00,Chassis Center,0.29
V0574,V033,C014,2025-07-01 17:33:00,Rear Right Axle,0.87
V0575,V035,C001,2025-07-01 17:34:00,Floor Panel,0.17
V0576,V096,C005,2025-07-01 17:35:00,Floor Panel,0.67
V0577,V034,C019,2025-07-01 17:36:00,Steering Column,0.23
V0578,V026,C013,2025-07-01 17:37:00,Front Left Axle,0.2
V0579,V052,C014,2025-07-01 17:38:00,Floor Panel,0.56
V0580,V046,C016,2025-07-01 17:39:00,Chassis Center,0.25
V0581,V080,C005,2025-07-01 17:40:00,Rear Right Axle,0.79
V0582,V092,C006,2025-07-01 17:41:00,Front Left Axle,0.41
V0583,V049,C014,2025-07-01 17:42:00,Steering Column,0.71
V0584,V012,C002,2025-07-01 17:43:00,Front Left Axle,0.88
V0585,V063,C019,2025-07-01 17:44:00,Steering Column,0.47
V0586,V036,C002,2025-07-01 17:45:00,Rear Right Axle,0.44
V0587,V075,C006,2025-07-01 17:46:00,Chassis Center,0.38
V0588,V056,C014,2025-07-01 17:47:00,Rear Right Axle,0.8
V0589,V048,C003,2025-07-01 17:48:00,Front Left Axle,0.81
V0590,V097,C001,2025-07-01 17:49:00,Floor Panel,0.44
V0591,V024,C020,2025-07-01 17:50:00,Chassis Center,0.35
V0592,V037,C019,2025-07-01 17:51:00,Rear Right Axle,0.43
V0593,V050,C020,2025-07-01 17:52:00,Steering Column,0.56
V0594,V066,C008,2025-07-01 17:53:00,Floor Panel,0.3
V0595,V021,C010,2025-07-01 17:54:00,Chassis Center,0.68
V0596,V004,C003,2025-07-01 17:55:00,Front Left Axle,0.32
V0597,V097,C009,2025-07-01 17:56:00,Steering Column,0.47
V0598,V022,C020,2025-07-01 17:57:00,Steering Column,0.79
V0599,V091,C015,2025-07-01 17:58:00,Rear Right Axle,0.3
V0600,V083,C010,2025-07-01 17:59:00,Front Left Axle,0.18
V0601,V051,C017,2025-07-01 18:00:00,Steering Column,0.62
V0602,V013,C013,2025-07-01 18:01:00,Chassis Center,0.64
V0603,V008,C003,2025-07-01 18:02:00,Floor Panel,0.76
V0604,V048,C008,2025-07-01 18:03:00,Floor Panel,0.47
V0605,V063,C015,2025-07-01 18:04:00,Steering Column,0.15
V0606,V073,C013,2025-07-01 18:05:00,Steering Column,0.56
V0607,V037,C017,2025-07-01 18:06:00,Rear Right Axle,0.78
V0608,V032,C002,2025-07-01 18:07:00,Rear Right Axle,0.83
V0609,V093,C017,2025-07-01 18:08:00,Front Left Axle,0.19
V0610,V016,C020,2025-07-01 18:09:00,Chassis Center,0.83
V0611,V079,C018,2025-07-01 18:10:00,Steering Column,0.38
V0612,V028,C017,2025-07-01 18:11:00,Rear Right Axle,0.79
V0613,V030,C020,2025-07-01 18:12:00,Rear Right Axle,0.82
V0614,V086,C014,2025-07-01 18:13:00,Chassis Center,0.27
V0615,V036,C011,2025-07-01 18:14:00,Rear Right Axle,0.32
V0616,V020,C020,2025-07-01 18:15:00,Front Left Axle,0.52
V0617,V059,C014,2025-07-01 18:16:00,Chassis Center,0.65
V0618,V086,C012,2025-07-01 18:17:00,Steering Column,0.8
V0619,V049,C008,2025-07-01 18:18:00,Rear Right Axle,0.31
V0620,V091,C012,2025-07-01 18:19:00,Steering Column,0.87
V0621,V081,C005,2025-07-01 18:20:00,Floor Panel,0.56
V0622,V061,C015,2025-07-01 18:21:00,Steering Column,0.27
V0623,V031,C018,2025-07-01 18:22:00,Front Left Axle,0.33
V0624,V062,C010,2025-07-01 18:23:00,Rear Right Axle,0.75
V0625,V058,C007,2025-07-01 18:24:00,Floor Panel,0.34
V0626,V096,C017,2025-07-01 18:25:00,Floor Panel,0.83
V0627,V018,C018,2025-07-01 18:26:00,Chassis Center,0.49
V0628,V059,C011,2025-07-01 18:27:00,Rear Right Axle,0.83
V0629,V072,C020,2025-07-01 18:28:00,Front Left Axle,0.43
V0630,V100,C019,2025-07-01 18:29:00,Rear Right Axle,0.21
V0631,V031,C003,2025-07-01 18:30:00,Steering Column,-0.27
V0632,V029,C017,2025-07-01 18:31:00,Chassis Center,0.65
V0633,V010,C016,2025-07-01 18:32:00,Rear Right Axle,0.58
V0634,V098,C012,2025-07-01 18:33:00,Chassis Center,0.63
V0635,V047,C020,2025-07-01 18:34:00,Steering Column,0.82
V0636,V068,C011,2025-07-01 18:35:00,Chassis Center,0.73
V0637,V037,C013,2025-07-01 18:36:00,Rear Right Axle,0.68
V0638,V078,C016,2025-07-01 18:37:00,Rear Right Axle,0.36
V0639,V100,C017,2025-07-01 18:38:00,Rear Right Axle,0.29
V0640,V097,C020,2025-07-01 18:39:00,Floor Panel,0.77
V0641,V073,C001,2025-07-01 18:40:00,Rear Right Axle,0.46
V0642,V044,C016,2025-07-01 18:41:00,Steering Column,0.56
V0643,V022,C014,2025-07-01 18:42:00,Steering Column,0.31
V0644,V054,C006,2025-07-01 18:43:00,Front Left Axle,0.25
V0645,V030,C007,2025-07-01 18:44:00,Steering Column,0.46
V0646,V008,C014,2025-07-01 18:45:00,Chassis Center,0.65
V0647,V069,C016,2025-07-01 18:46:00,Steering Column,0.82
V0648,V022,C002,2025-07-01 18:47:00,Steering Column,0.9
V0649,V071,C014,2025-07-01 18:48:00,Front Left Axle,0.53
V0650,V098,C020,2025-07-01 18:49:00,Rear Right Axle,0.37
V0651,V059,C005,2025-07-01 18:50:00,Chassis Center,0.8
V0652,V039,C010,2025-07-01 18:51:00,Floor Panel,0.78
V0653,V071,C009,2025-07-01 18:52:00,Front Left Axle,0.81
V0654,V046,C007,2025-07-01 18:53:00,Front Left Axle,0.46
V0655,V012,C001,2025-07-01 18:54:00,Steering Column,-0.39
V0656,V020,C005,2025-07-01 18:55:00,Front Left Axle,0.79
V0657,V030,C008,2025-07-01 18:56:00,Rear Right Axle,0.88
V0658,V064,C003,2025-07-01 18:57:00,Steering Column,0.67
V0659,V010,C003,2025-07-01 18:58:00,Steering Column,0.24
V0660,V071,C006,2025-07-01 18:59:00,Front Left Axle,0.62
V0661,V056,C011,2025-07-01 19:00:00,Chassis Center,0.83
V0662,V047,C019,2025-07-01 19:01:00,Steering Column,0.66
V0663,V072,C015,2025-07-01 19:02:00,Front Left Axle,0.7
V0664,V078,C001,2025-07-01 19:03:00,Front Left Axle,0.44
V0665,V037,C012,2025-07-01 19:04:00,Rear Right Axle,0.85
V0666,V092,C008,2025-07-01 19:05:00,Floor Panel,0.71
V0667,V002,C018,2025-07-01 19:06:00,Steering Column,0.42
V0668,V037,C014,2025-07-01 19:07:00,Chassis Center,0.45
V0669,V074,C011,2025-07-01 19:08:00,Front Left Axle,0.18
V0670,V009,C002,2025-07-01 19:09:00,Rear Right Axle,0.43
V0671,V040,C019,2025-07-01 19:10:00,Rear Right Axle,0.38
V0672,V019,C010,2025-07-01 19:11:00,Front Left Axle,0.58
V0673,V051,C016,2025-07-01 19:12:00,Steering Column,0.78
V0674,V054,C003,2025-07-01 19:13:00,Steering Column,0.49
V0675,V070,C019,2025-07-01 19:14:00,Front Left Axle,0.59
V0676,V072,C014,2025-07-01 19:15:00,Floor Panel,0.72
V0677,V077,C004,2025-07-01 19:16:00,Rear Right Axle,0.8
V0678,V080,C002,2025-07-01 19:17:00,Front Left Axle,0.46
V0679,V053,C004,2025-07-01 19:18:00,Rear Right Axle,0.59
V0680,V065,C013,2025-07-01 19:19:00,Chassis Center,0.51
V0681,V011,C009,2025-07-01 19:20:00,Chassis Center,0.51
V0682,V093,C020,2025-07-01 19:21:00,Rear Right Axle,0.69
V0683,V035,C015,2025-07-01 19:22:00,Floor Panel,0.87
V0684,V091,C002,2025-07-01 19:23:00,Chassis Center,0.57
V0685,V020,C008,2025-07-01 19:24:00,Front Left Axle,0.27
V0686,V036,C014,2025-07-01 19:25:00,Floor Panel,0.27
V0687,V025,C005,2025-07-01 19:26:00,Steering Column,0.42
V0688,V063,C006,2025-07-01 19:27:00,Front Left Axle,0.23
V0689,V038,C010,2025-07-01 19:28:00,Chassis Center,0.38
V0690,V092,C006,2025-07-01 19:29:00,Chassis Center,0.78
V0691,V038,C007,2025-07-01 19:30:00,Rear Right Axle,0.61
V0692,V049,C008,2025-07-01 19:31:00,Front Left Axle,0.7
V0693,V016,C020,2025-07-01 19:32:00,Steering Column,0.2
V0694,V045,C013,2025-07-01 19:33:00,Chassis Center,0.2
V0695,V029,C005,2025-07-01 19:34:00,Steering Column,0.72
V0696,V002,C013,2025-07-01 19:35:00,Steering Column,0.6
V0697,V008,C011,2025-07-01 19:36:00,Steering Column,-0.36
V0698,V009,C002,2025-07-01 19:37:00,Steering Column,0.78
V0699,V002,C002,2025-07-01 19:38:00,Chassis Center,0.84
V0700,V023,C006,2025-07-01 19:39:00,Front Left Axle,-0.54
V0701,V061,C004,2025-07-01 19:40:00,Steering Column,0.34
V0702,V095,C020,2025-07-01 19:41:00,Chassis Center,0.75
V0703,V005,C008,2025-07-01 19:42:00,Chassis Center,0.71
V0704,V085,C018,2025-07-01 19:43:00,Rear Right Axle,0.49
V0705,V009,C009,2025-07-01 19:44:00,Rear Right Axle,0.72
V0706,V053,C017,2025-07-01 19:45:00,Rear Right Axle,0.63
V0707,V081,C006,2025-07-01 19:46:00,Steering Column,0.22
V0708,V082,C010,2025-07-01 19:47:00,Steering Column,0.56
V0709,V098,C019,2025-07-01 19:48:00,Front Left Axle,0.27
V0710,V036,C001,2025-07-01 19:49:00,Rear Right Axle,0.48
V0711,V079,C005,2025-07-01 19:50:00,Front Left Axle,0.49
V0712,V040,C006,2025-07-01 19:51:00,Chassis Center,0.47
V0713,V092,C007,2025-07-01 19:52:00,Floor Panel,0.18
V0714,V084,C005,2025-07-01 19:53:00,Floor Panel,0.81
V0715,V023,C010,2025-07-01 19:54:00,Chassis Center,0.23
V0716,V014,C014,2025-07-01 19:55:00,Front Left Axle,0.89
V0717,V013,C013,2025-07-01 19:56:00,Chassis Center,0.79
V0718,V065,C004,2025-07-01 19:57:00,Steering Column,0.74
V0719,V042,C001,2025-07-01 19:58:00,Front Left Axle,0.52
V0720,V100,C008,2025-07-01 19:59:00,Floor Panel,0.85
V0721,V004,C010,2025-07-01 20:00:00,Steering Column,0.24
V0722,V056,C019,2025-07-01 20:01:00,Steering Column,0.22
V0723,V017,C003,2025-07-01 20:02:00,Chassis Center,0.59
V0724,V078,C002,2025-07-01 20:03:00,Rear Right Axle,0.75
V0725,V001,C020,2025-07-01 20:04:00,Chassis Center,0.78
V0726,V029,C011,2025-07-01 20:05:00,Floor Panel,0.53
V0727,V026,C012,2025-07-01 20:06:00,Floor Panel,0.45
V0728,V029,C017,2025-07-01 20:07:00,Front Left Axle,0.65
V0729,V035,C011,2025-07-01 20:08:00,Rear Right Axle,0.24
V0730,V001,C004,2025-07-01 20:09:00,Steering Column,-0.6
V0731,V072,C018,2025-07-01 20:10:00,Front Left Axle,0.41
V0732,V025,C016,2025-07-01 20:11:00,Rear Right Axle,-0.65
V0733,V096,C006,2025-07-01 20:12:00,Floor Panel,0.87
V0734,V088,C013,2025-07-01 20:13:00,Steering Column,0.62
V0735,V078,C016,2025-07-01 20:14:00,Steering Column,0.38
V0736,V074,C017,2025-07-01 20:15:00,Rear Right Axle,0.78
V0737,V065,C003,2025-07-01 20:16:00,Floor Panel,0.69
V0738,V014,C014,2025-07-01 20:17:00,Floor Panel,0.22
V0739,V008,C004,2025-07-01 20:18:00,Floor Panel,0.45
V0740,V040,C009,2025-07-01 20:19:00,Rear Right Axle,0.18
V0741,V063,C009,2025-07-01 20:20:00,Front Left Axle,0.36
V0742,V070,C005,2025-07-01 20:21:00,Floor Panel,0.78
V0743,V046,C002,2025-07-01 20:22:00,Chassis Center,-0.77
V0744,V020,C006,2025-07-01 20:23:00,Chassis Center,0.36
V0745,V067,C003,2025-07-01 20:24:00,Front Left Axle,0.29
V0746,V093,C016,2025-07-01 20:25:00,Floor Panel,0.67
V0747,V067,C008,2025-07-01 20:26:00,Chassis Center,0.66
V0748,V015,C017,2025-07-01 20:27:00,Floor Panel,0.76
V0749,V032,C001,2025-07-01 20:28:00,Chassis Center,0.5
V0750,V080,C008,2025-07-01 20:29:00,Chassis Center,0.76
V0751,V009,C007,2025-07-01 20:30:00,Front Left Axle,0.52
V0752,V089,C016,2025-07-01 20:31:00,Steering Column,0.74
V0753,V061,C015,2025-07-01 20:32:00,Front Left Axle,0.88
V0754,V057,C008,2025-07-01 20:33:00,Chassis Center,0.43
V0755,V030,C019,2025-07-01 20:34:00,Front Left Axle,0.85
V0756,V095,C011,2025-07-01 20:35:00,Floor Panel,0.24
V0757,V040,C006,2025-07-01 20:36:00,Front Left Axle,0.17
V0758,V046,C017,2025-07-01 20:37:00,Chassis Center,0.71
V0759,V046,C019,2025-07-01 20:38:00,Chassis Center,0.18
V0760,V056,C010,2025-07-01 20:39:00,Steering Column,0.59
V0761,V063,C005,2025-07-01 20:40:00,Chassis Center,0.75
V0762,V025,C002,2025-07-01 20:41:00,Rear Right Axle,0.64
V0763,V088,C007,2025-07-01 20:42:00,Steering Column,0.42
V0764,V048,C019,2025-07-01 20:43:00,Front Left Axle,0.7
V0765,V052,C004,2025-07-01 20:44:00,Floor Panel,0.7
V0766,V009,C006,2025-07-01 20:45:00,Floor Panel,0.49
V0767,V062,C014,2025-07-01 20:46:00,Floor Panel,0.55
V0768,V072,C007,2025-07-01 20:47:00,Floor Panel,0.64
V0769,V085,C018,2025-07-01 20:48:00,Front Left Axle,0.89
V0770,V100,C003,2025-07-01 20:49:00,Chassis Center,0.63
V0771,V015,C001,2025-07-01 20:50:00,Front Left Axle,0.19
V0772,V055,C013,2025-07-01 20:51:00,Front Left Axle,0.63
V0773,V013,C002,2025-07-01 20:52:00,Floor Panel,0.89
V0774,V068,C012,2025-07-01 20:53:00,Steering Column,0.37
V0775,V051,C017,2025-07-01 20:54:00,Rear Right Axle,0.41
V0776,V046,C018,2025-07-01 20:55:00,Floor Panel,0.45
V0777,V055,C004,2025-07-01 20:56:00,Floor Panel,0.9
V0778,V046,C011,2025-07-01 20:57:00,Rear Right Axle,0.19
V0779,V097,C006,2025-07-01 20:58:00,Rear Right Axle,0.52
V0780,V069,C011,2025-07-01 20:59:00,Rear Right Axle,0.25
V0781,V070,C007,2025-07-01 21:00:00,Chassis Center,-0.91
V0782,V086,C013,2025-07-01 21:01:00,Floor Panel,0.34
V0783,V080,C013,2025-07-01 21:02:00,Rear Right Axle,0.59
V0784,V065,C006,2025-07-01 21:03:00,Chassis Center,0.84
V0785,V008,C008,2025-07-01 21:04:00,Front Left Axle,0.66
V0786,V005,C006,2025-07-01 21:05:00,Chassis Center,0.8
V0787,V004,C003,2025-07-01 21:06:00,Floor Panel,0.72
V0788,V062,C014,2025-07-01 21:07:00,Front Left Axle,0.35
V0789,V073,C005,2025-07-01 21:08:00,Front Left Axle,0.65
V0790,V097,C006,2025-07-01 21:09:00,Front Left Axle,0.6
V0791,V052,C003,2025-07-01 21:10:00,Floor Panel,0.54
V0792,V003,C001,2025-07-01 21:11:00,Rear Right Axle,0.21
V0793,V095,C015,2025-07-01 21:12:00,Floor Panel,0.29
V0794,V097,C001,2025-07-01 21:13:00,Floor Panel,0.58
V0795,V087,C016,2025-07-01 21:14:00,Front Left Axle,0.79
V0796,V078,C001,2025-07-01 21:15:00,Chassis Center,0.51
V0797,V084,C007,2025-07-01 21:16:00,Steering Column,0.81
V0798,V016,C008,2025-07-01 21:17:00,Rear Right Axle,0.61
V0799,V045,C004,2025-07-01 21:18:00,Floor Panel,0.74
V0800,V093,C011,2025-07-01 21:19:00,Front Left Axle,0.32
V0801,V055,C008,2025-07-01 21:20:00,Rear Right Axle,0.73
V0802,V006,C014,2025-07-01 21:21:00,Front Left Axle,0.78
V0803,V022,C005,2025-07-01 21:22:00,Chassis Center,0.69
V0804,V014,C019,2025-07-01 21:23:00,Rear Right Axle,0.79
V0805,V008,C012,2025-07-01 21:24:00,Chassis Center,0.61
V0806,V022,C020,2025-07-01 21:25:00,Rear Right Axle,0.71
V0807,V046,C019,2025-07-01 21:26:00,Rear Right Axle,0.44
V0808,V089,C002,2025-07-01 21:27:00,Rear Right Axle,0.28
V0809,V001,C010,2025-07-01 21:28:00,Rear Right Axle,0.4
V0810,V021,C014,2025-07-01 21:29:00,Steering Column,0.79
V0811,V061,C001,2025-07-01 21:30:00,Floor Panel,0.37
V0812,V023,C012,2025-07-01 21:31:00,Front Left Axle,0.43
V0813,V045,C008,2025-07-01 21:32:00,Floor Panel,0.83
V0814,V008,C018,2025-07-01 21:33:00,Chassis Center,0.76
V0815,V028,C011,2025-07-01 21:34:00,Rear Right Axle,0.39
V0816,V023,C015,2025-07-01 21:35:00,Rear Right Axle,0.42
V0817,V007,C003,2025-07-01 21:36:00,Floor Panel,0.76
V0818,V020,C013,2025-07-01 21:37:00,Rear Right Axle,0.23
V0819,V091,C005,2025-07-01 21:38:00,Steering Column,0.5
V0820,V069,C012,2025-07-01 21:39:00,Steering Column,0.3
V0821,V097,C001,2025-07-01 21:40:00,Steering Column,0.38
V0822,V009,C005,2025-07-01 21:41:00,Steering Column,0.8
V0823,V011,C019,2025-07-01 21:42:00,Front Left Axle,0.69
V0824,V051,C013,2025-07-01 21:43:00,Chassis Center,0.46
V0825,V053,C005,2025-07-01 21:44:00,Front Left Axle,0.5
V0826,V091,C019,2025-07-01 21:45:00,Rear Right Axle,0.58
V0827,V095,C001,2025-07-01 21:46:00,Front Left Axle,0.71
V0828,V085,C008,2025-07-01 21:47:00,Rear Right Axle,0.65
V0829,V095,C001,2025-07-01 21:48:00,Steering Column,0.6
V0830,V080,C019,2025-07-01 21:49:00,Floor Panel,0.38
V0831,V040,C011,2025-07-01 21:50:00,Front Left Axle,0.51
V0832,V001,C012,2025-07-01 21:51:00,Floor Panel,0.2
V0833,V087,C009,2025-07-01 21:52:00,Steering Column,0.26
V0834,V012,C018,2025-07-01 21:53:00,Floor Panel,0.89
V0835,V040,C011,2025-07-01 21:54:00,Steering Column,0.7
V0836,V089,C012,2025-07-01 21:55:00,Rear Right Axle,0.26
V0837,V003,C005,2025-07-01 21:56:00,Floor Panel,0.67
V0838,V054,C018,2025-07-01 21:57:00,Rear Right Axle,-0.69
V0839,V083,C002,2025-07-01 21:58:00,Floor Panel,0.72
V0840,V076,C010,2025-07-01 21:59:00,Chassis Center,0.74
V0841,V066,C012,2025-07-01 22:00:00,Chassis Center,0.3
V0842,V053,C008,2025-07-01 22:01:00,Floor Panel,0.21
V0843,V026,C005,2025-07-01 22:02:00,Chassis Center,0.35
V0844,V028,C007,2025-07-01 22:03:00,Rear Right Axle,0.8
V0845,V087,C020,2025-07-01 22:04:00,Front Left Axle,0.53
V0846,V007,C012,2025-07-01 22:05:00,Front Left Axle,0.83
V0847,V070,C020,2025-07-01 22:06:00,Front Left Axle,0.51
V0848,V009,C006,2025-07-01 22:07:00,Rear Right Axle,0.23
V0849,V089,C017,2025-07-01 22:08:00,Floor Panel,0.31
V0850,V053,C012,2025-07-01 22:09:00,Front Left Axle,-0.62
V0851,V063,C008,2025-07-01 22:10:00,Floor Panel,0.61
V0852,V080,C001,2025-07-01 22:11:00,Floor Panel,0.68
V0853,V057,C020,2025-07-01 22:12:00,Rear Right Axle,0.3
V0854,V028,C008,2025-07-01 22:13:00,Floor Panel,0.78
V0855,V014,C018,2025-07-01 22:14:00,Chassis Center,0.7
V0856,V072,C020,2025-07-01 22:15:00,Front Left Axle,0.23
V0857,V015,C007,2025-07-01 22:16:00,Floor Panel,0.23
V0858,V003,C010,2025-07-01 22:17:00,Front Left Axle,0.52
V0859,V057,C011,2025-07-01 22:18:00,Front Left Axle,0.51
V0860,V087,C014,2025-07-01 22:19:00,Floor Panel,0.22
V0861,V085,C002,2025-07-01 22:20:00,Floor Panel,0.16
V0862,V006,C011,2025-07-01 22:21:00,Front Left Axle,0.43
V0863,V051,C011,2025-07-01 22:22:00,Steering Column,0.65
V0864,V072,C013,2025-07-01 22:23:00,Rear Right Axle,0.81
V0865,V038,C016,2025-07-01 22:24:00,Rear Right Axle,0.39
V0866,V069,C016,2025-07-01 22:25:00,Front Left Axle,0.19
V0867,V018,C016,2025-07-01 22:26:00,Rear Right Axle,0.53
V0868,V046,C015,2025-07-01 22:27:00,Chassis Center,0.48
V0869,V075,C008,2025-07-01 22:28:00,Front Left Axle,0.37
V0870,V048,C006,2025-07-01 22:29:00,Chassis Center,0.21
V0871,V088,C012,2025-07-01 22:30:00,Steering Column,0.26
V0872,V094,C019,2025-07-01 22:31:00,Front Left Axle,0.25
V0873,V003,C005,2025-07-01 22:32:00,Chassis Center,0.35
V0874,V042,C016,2025-07-01 22:33:00,Front Left Axle,0.66
V0875,V051,C008,2025-07-01 22:34:00,Steering Column,0.28
V0876,V062,C002,2025-07-01 22:35:00,Floor Panel,0.35
V0877,V037,C003,2025-07-01 22:36:00,Floor Panel,0.34
V0878,V046,C009,2025-07-01 22:37:00,Steering Column,0.38
V0879,V056,C020,2025-07-01 22:38:00,Rear Right Axle,0.38
V0880,V087,C017,2025-07-01 22:39:00,Rear Right Axle,0.72
V0881,V004,C019,2025-07-01 22:40:00,Front Left Axle,0.25
V0882,V025,C006,2025-07-01 22:41:00,Front Left Axle,0.61
V0883,V033,C008,2025-07-01 22:42:00,Steering Column,0.17
V0884,V100,C007,2025-07-01 22:43:00,Rear Right Axle,0.83
V0885,V016,C002,2025-07-01 22:44:00,Front Left Axle,0.24
V0886,V002,C015,2025-07-01 22:45:00,Steering Column,0.51
V0887,V045,C006,2025-07-01 22:46:00,Chassis Center,0.76
V0888,V049,C006,2025-07-01 22:47:00,Floor Panel,0.35
V0889,V035,C017,2025-07-01 22:48:00,Front Left Axle,0.18
V0890,V041,C018,2025-07-01 22:49:00,Rear Right Axle,0.48
V0891,V036,C015,2025-07-01 22:50:00,Steering Column,0.28
V0892,V024,C020,2025-07-01 22:51:00,Steering Column,0.75
V0893,V074,C010,2025-07-01 22:52:00,Rear Right Axle,0.76
V0894,V042,C017,2025-07-01 22:53:00,Rear Right Axle,0.77
V0895,V040,C013,2025-07-01 22:54:00,Rear Right Axle,0.52
V0896,V078,C005,2025-07-01 22:55:00,Chassis Center,0.2
V0897,V080,C020,2025-07-01 22:56:00,Rear Right Axle,0.5
V0898,V074,C010,2025-07-01 22:57:00,Rear Right Axle,0.48
V0899,V097,C015,2025-07-01 22:58:00,Front Left Axle,0.82
V0900,V003,C015,2025-07-01 22:59:00,Floor Panel,0.75
V0901,V034,C018,2025-07-01 23:00:00,Rear Right Axle,0.19
V0902,V009,C018,2025-07-01 23:01:00,Rear Right Axle,0.48
V0903,V028,C014,2025-07-01 23:02:00,Rear Right Axle,0.9
V0904,V061,C013,2025-07-01 23:03:00,Steering Column,0.86
V0905,V098,C015,2025-07-01 23:04:00,Rear Right Axle,0.6
V0906,V090,C013,2025-07-01 23:05:00,Chassis Center,0.29
V0907,V030,C006,2025-07-01 23:06:00,Chassis Center,0.18
V0908,V013,C017,2025-07-01 23:07:00,Rear Right Axle,0.73
V0909,V003,C002,2025-07-01 23:08:00,Steering Column,-0.18
V0910,V030,C015,2025-07-01 23:09:00,Floor Panel,0.56
V0911,V100,C001,2025-07-01 23:10:00,Steering Column,0.15
V0912,V093,C012,2025-07-01 23:11:00,Rear Right Axle,0.51
V0913,V016,C004,2025-07-01 23:12:00,Rear Right Axle,0.37
V0914,V041,C005,2025-07-01 23:13:00,Chassis Center,0.66
V0915,V087,C019,2025-07-01 23:14:00,Front Left Axle,0.76
V0916,V004,C012,2025-07-01 23:15:00,Front Left Axle,0.18
V0917,V066,C012,2025-07-01 23:16:00,Rear Right Axle,0.44
V0918,V061,C019,2025-07-01 23:17:00,Rear Right Axle,-0.47
V0919,V031,C004,2025-07-01 23:18:00,Steering Column,0.31
V0920,V069,C008,2025-07-01 23:19:00,Rear Right Axle,0.37
V0921,V008,C003,2025-07-01 23:20:00,Steering Column,-0.84
V0922,V077,C019,2025-07-01 23:21:00,Rear Right Axle,0.38
V0923,V016,C006,2025-07-01 23:22:00,Floor Panel,0.41
V0924,V049,C005,2025-07-01 23:23:00,Chassis Center,0.55
V0925,V037,C002,2025-07-01 23:24:00,Rear Right Axle,0.19
V0926,V002,C020,2025-07-01 23:25:00,Floor Panel,0.48
V0927,V046,C019,2025-07-01 23:26:00,Rear Right Axle,0.47
V0928,V055,C009,2025-07-01 23:27:00,Chassis Center,0.84
V0929,V046,C006,2025-07-01 23:28:00,Front Left Axle,0.74
V0930,V011,C007,2025-07-01 23:29:00,Rear Right Axle,0.81
V0931,V032,C018,2025-07-01 23:30:00,Chassis Center,0.18
V0932,V051,C010,2025-07-01 23:31:00,Chassis Center,0.55
V0933,V011,C020,2025-07-01 23:32:00,Front Left Axle,0.55
V0934,V097,C004,2025-07-01 23:33:00,Front Left Axle,0.68
V0935,V090,C010,2025-07-01 23:34:00,Floor Panel,0.54
V0936,V080,C018,2025-07-01 23:35:00,Chassis Center,0.58
V0937,V013,C003,2025-07-01 23:36:00,Steering Column,0.58
V0938,V006,C019,2025-07-01 23:37:00,Chassis Center,0.54
V0939,V061,C007,2025-07-01 23:38:00,Steering Column,0.77
V0940,V030,C016,2025-07-01 23:39:00,Chassis Center,0.74
V0941,V072,C011,2025-07-01 23:40:00,Rear Right Axle,0.21
V0942,V045,C003,2025-07-01 23:41:00,Front Left Axle,0.62
V0943,V025,C017,2025-07-01 23:42:00,Front Left Axle,0.74
V0944,V096,C002,2025-07-01 23:43:00,Front Left Axle,0.76
V0945,V004,C002,2025-07-01 23:44:00,Rear Right Axle,0.39
V0946,V044,C009,2025-07-01 23:45:00,Rear Right Axle,0.27
V0947,V057,C012,2025-07-01 23:46:00,Front Left Axle,0.18
V0948,V040,C006,2025-07-01 23:47:00,Rear Right Axle,0.35
V0949,V076,C018,2025-07-01 23:48:00,Rear Right Axle,0.47
V0950,V069,C005,2025-07-01 23:49:00,Front Left Axle,0.17
V0951,V066,C014,2025-07-01 23:50:00,Chassis Center,0.9
V0952,V033,C005,2025-07-01 23:51:00,Chassis Center,0.78
V0953,V083,C007,2025-07-01 23:52:00,Steering Column,0.63
V0954,V060,C011,2025-07-01 23:53:00,Chassis Center,0.25
V0955,V001,C004,2025-07-01 23:54:00,Front Left Axle,0.27
V0956,V016,C010,2025-07-01 23:55:00,Steering Column,0.63
V0957,V013,C016,2025-07-01 23:56:00,Steering Column,0.47
V0958,V037,C016,2025-07-01 23:57:00,Chassis Center,0.47
V0959,V045,C007,2025-07-01 23:58:00,Front Left Axle,0.18
V0960,V059,C008,2025-07-01 23:59:00,Rear Right Axle,0.83
V0961,V049,C006,2025-07-02 00:00:00,Chassis Center,0.86
V0962,V035,C013,2025-07-02 00:01:00,Steering Column,0.3
V0963,V011,C014,2025-07-02 00:02:00,Front Left Axle,0.28
V0964,V056,C005,2025-07-02 00:03:00,Steering Column,0.78
V0965,V052,C018,2025-07-02 00:04:00,Floor Panel,0.7
V0966,V010,C004,2025-07-02 00:05:00,Chassis Center,0.29
V0967,V046,C014,2025-07-02 00:06:00,Front Left Axle,0.72
V0968,V063,C016,2025-07-02 00:07:00,Chassis Center,0.68
V0969,V047,C010,2025-07-02 00:08:00,Front Left Axle,0.54
V0970,V096,C002,2025-07-02 00:09:00,Rear Right Axle,0.73
V0971,V042,C014,2025-07-02 00:10:00,Floor Panel,0.55
V0972,V017,C008,2025-07-02 00:11:00,Chassis Center,0.22
V0973,V063,C005,2025-07-02 00:12:00,Chassis Center,0.69
V0974,V029,C012,2025-07-02 00:13:00,Chassis Center,0.52
V0975,V047,C004,2025-07-02 00:14:00,Rear Right Axle,0.37
V0976,V051,C004,2025-07-02 00:15:00,Steering Column,0.78
V0977,V053,C012,2025-07-02 00:16:00,Steering Column,0.39
V0978,V026,C016,2025-07-02 00:17:00,Floor Panel,0.83
V0979,V091,C006,2025-07-02 00:18:00,Steering Column,0.37
V0980,V088,C003,2025-07-02 00:19:00,Steering Column,0.5
V0981,V094,C002,2025-07-02 00:20:00,Chassis Center,0.31
V0982,V008,C020,2025-07-02 00:21:00,Front Left Axle,0.39
V0983,V084,C019,2025-07-02 00:22:00,Steering Column,0.25
V0984,V062,C013,2025-07-02 00:23:00,Floor Panel,0.65
V0985,V003,C008,2025-07-02 00:24:00,Steering Column,0.59
V0986,V026,C007,2025-07-02 00:25:00,Front Left Axle,0.71
V0987,V099,C019,2025-07-02 00:26:00,Steering Column,0.83
V0988,V090,C013,2025-07-02 00:27:00,Floor Panel,0.3
V0989,V018,C007,2025-07-02 00:28:00,Front Left Axle,0.38
V0990,V029,C009,2025-07-02 00:29:00,Front Left Axle,-0.22
V0991,V060,C013,2025-07-02 00:30:00,Front Left Axle,0.78
V0992,V020,C019,2025-07-02 00:31:00,Steering Column,0.49
V0993,V084,C011,2025-07-02 00:32:00,Front Left Axle,0.5
V0994,V094,C019,2025-07-02 00:33:00,Rear Right Axle,0.7
V0995,V028,C019,2025-07-02 00:34:00,Steering Column,0.82
V0996,V075,C017,2025-07-02 00:35:00,Floor Panel,0.33
V0997,V015,C004,2025-07-02 00:36:00,Chassis Center,0.28
V0998,V065,C020,2025-07-02 00:37:00,Chassis Center,0.38
V0999,V009,C004,2025-07-02 00:38:00,Chassis Center,0.26
V1000,V056,C011,2025-07-02 00:39:00,Steering Column,0.59
